endTime,artistName,trackName,msPlayed
2023-11-16 12:14,Pearl Jam,Corduroy - Remastered,277586
2023-11-16 13:06,David Bowie,Dancing in the Street - 2002 Remaster,1367
2023-11-17 06:54,Dire Straits,So Far Away,66858
2023-11-17 06:54,Grateful Dead,Dark Star - Single Version; 2001 Remaster,17046
2023-11-17 06:55,Zucchero,Pronto,1079
2023-11-17 06:55,Zucchero,Diamante,730
2023-11-17 06:55,Zucchero,L'Amore E' nell'Aria,1689
2023-11-17 06:55,Buffalo Springfield,Mr. Soul,29465
2023-11-17 06:55,Zucchero,Troppa Fedelta',3158
2023-11-17 06:55,Zucchero,Quanti Anni Ho,23
2023-11-17 06:55,Zucchero,Occhi,15710
2023-11-17 06:55,Zucchero,Flying Away (Occhi),1514
2023-11-17 07:03,Zucchero,Senza Una Donna,267333
2023-11-17 07:14,Michael Jackson,We Are The World - Live,24923
2023-11-17 12:23,Anouar Brahem,Astrakan Café - 1,14880
2023-11-18 06:23,Paolo Fresu Quintet,Peace,31973
2023-11-18 06:28,René Aubry,La grande cascade,268132
2023-11-18 06:30,René Aubry,"The Desert, Pt. 2",125386
2023-11-18 06:31,René Aubry,The Rocket Take Off,71089
2023-11-18 06:33,René Aubry,The Woman and the Tree,132826
2023-11-18 06:36,René Aubry,Rasta La Vista,160465
2023-11-18 06:42,René Aubry,Salento,345200
2023-11-18 06:44,René Aubry,"The Desert, Pt. 1",147613
2023-11-18 06:47,René Aubry,Fil de verre,187465
2023-11-18 06:48,René Aubry,Opening,39262
2023-11-18 06:49,René Aubry,The Deep Dark Wood,64000
2023-11-18 06:51,René Aubry,Le vent,129732
2023-11-18 06:55,René Aubry,I Feel Good,208147
2023-11-18 07:00,René Aubry,Séduction,281666
2023-11-18 07:03,René Aubry,Guitare bambou,171460
2023-11-18 07:07,René Aubry,Replay,250213
2023-11-18 07:08,René Aubry,Wandering,71209
2023-11-18 07:10,René Aubry,Zog,119119
2023-11-18 07:12,René Aubry,This Is the Sky,113160
2023-11-18 07:15,René Aubry,Looking for Stick Man,142009
2023-11-18 07:16,René Aubry,Children on the Bridge,80923
2023-11-18 07:18,René Aubry,Piccola Pioggia,105411
2023-11-18 07:20,René Aubry,Footprints,52000
2023-11-18 07:21,René Aubry,The Green Bird,93361
2023-11-18 07:23,René Aubry,In the Oceon,108350
2023-11-18 07:24,René Aubry,Lurglestrop,65639
2023-11-18 07:27,René Aubry,Water Falls,137000
2023-11-18 07:27,René Aubry,Ocean Storm,38962
2023-11-18 07:29,René Aubry,Thank You,101328
2023-11-18 07:33,René Aubry,The Lake,173120
2023-11-18 07:46,René Aubry,The Gruffalo's Child,58625
2023-11-18 10:48,Joachim Kühn,Dahin,18645
2023-11-19 06:36,Anouar Brahem,The Lover Of Beirut,464453
2023-11-19 06:38,Nils Frahm,Because This Must Be,165557
2023-11-19 06:44,René Aubry,Salento,345200
2023-11-19 06:46,Yann Tiersen,La valse d'Amélie,135906
2023-11-19 06:50,Anouar Brahem,Astrakan Café - 1,195640
2023-11-19 06:52,René Aubry,"The Desert, Pt. 2",125386
2023-11-19 06:56,Yann Tiersen,Dispute,254813
2023-11-19 06:59,René Aubry,Le vent,129732
2023-11-19 07:04,René Aubry,I Feel Good,208147
2023-11-19 07:06,Anouar Brahem,Halfaouine,126853
2023-11-19 07:07,Yann Tiersen,L'autre valse d'Amélie,93400
2023-11-19 07:16,Anouar Brahem,Le pas du chat noir,481506
2023-11-19 07:23,Anouar Brahem,Leila au pays du carrousel,397000
2023-11-19 07:27,The Yardbirds,Over Under Sideways Down (Stereo Version) - Remastered,2582
2023-11-19 07:27,René Aubry,La grande cascade,235169
2023-11-19 07:27,Traffic,Medicated Goo,1221
2023-11-19 07:27,Paul McCartney,Nineteen Hundred And Eighty Five - 2010 Remaster,2289
2023-11-19 07:31,Derek & The Dominos,I Looked Away,184560
2023-11-19 07:35,Traffic,Light Up Or Leave Me Alone,288093
2023-11-19 07:51,Faces,Debris,13151
2023-11-19 08:38,The Rolling Stones,Angry,226735
2023-11-19 08:40,The Rolling Stones,Sweet Sounds Of Heaven (feat. Lady Gaga),153763
2023-11-19 08:40,The Rolling Stones,Depending On You,1905
2023-11-19 08:40,The Rolling Stones,Miss You - Remastered,3234
2023-11-19 08:44,The Rolling Stones,Mess It Up,243687
2023-11-19 08:55,The Rolling Stones,Driving Me Too Hard,4623
2023-11-20 06:12,Small Faces,You Need Loving,237293
2023-11-20 06:16,Jethro Tull,A Song for Jeffrey - Mono,204640
2023-11-20 06:19,Cream,World Of Pain,182453
2023-11-20 06:31,Cream,Strange Brew,84610
2023-11-20 06:57,Cream,Strange Brew,889
2023-11-20 06:58,Cream,Tales Of Brave Ulysses,1655
2023-11-20 06:58,Big Brother & The Holding Company,Combination of the Two,924
2023-11-20 07:01,Cream,Badge,164706
2023-11-20 07:13,Cream,Outside Woman Blues,127294
2023-11-21 06:10,"Blood, Sweat & Tears","Variation on a Theme by Erik Satie (1st Movement - Adapted from ""Trois Gymnopedies"")",99893
2023-11-21 06:14,Erik Satie,"3 Gymnopédies: No. 1, Lent et douloureux",190560
2023-11-21 06:15,London Symphony Orchestra,"Boléro, M. 81",70287
2023-11-21 06:20,Bill Frisell,Coffaro's Theme,267466
2023-11-21 06:26,Richard Wagner,"Die Walkure, Act III: Ride of the Valkyries",325000
2023-11-21 06:28,Erik Satie,3 Gymnopédies: Gymnopedie No. 1,159333
2023-11-21 06:32,Zakir Hussain,Water Girl,234573
2023-11-21 06:37,Aram Khachaturian,Gayane Suite No. 3: IV. Gayane's Adagio,296373
2023-11-21 06:49,Philip Glass,The Grid,63787
2023-11-22 06:12,Joachim Kühn,Dahin,258546
2023-11-22 06:21,Joachim Kühn,Good Mood,535426
2023-11-22 06:24,Joachim Kühn,Dounia,182520
2023-11-22 06:28,Joachim Kühn,Peace Piece,194866
2023-11-22 06:36,Joachim Kühn,White Widow,498386
2023-11-22 06:41,Joachim Kühn,Rabih's Delight,288773
2023-11-22 06:54,Joachim Kühn,Kalimba Call,112862
2023-11-22 07:23,John McLaughlin,The Way of the Pilgrim,3662
2023-11-22 07:33,The Rolling Stones,Mess It Up,6039
2023-11-23 06:10,Yusef Lateef,Psychicemotus,304133
2023-11-23 06:18,Herbie Hancock,Watermelon Man - Remastered,429266
2023-11-23 06:25,The Dave Brubeck Quartet,Blue Rondo à la Turk,403640
2023-11-23 06:26,Alice Coltrane,Turiya & Ramakrishna,116
2023-11-23 06:31,Yusef Lateef,The Plum Blossom - Rudy Van Gelder Remaster,295066
2023-11-23 06:39,Yusef Lateef,Like It Is - Remastered,452533
2023-11-23 06:45,Miles Davis Quintet,It Never Entered My Mind,323186
2023-11-23 06:56,Yusef Lateef,Buddy and Lou,32199
2023-11-23 07:11,Yusef Lateef,Buddy and Lou,160277
2023-11-23 07:15,Charlie Parker,Summertime,167121
2023-11-23 07:18,Yusef Lateef,Bishop School,185440
2023-11-23 07:25,Yusef Lateef,Nubian Lady - 1972,398533
2023-11-23 07:32,Mulatu Astatke,Tezeta,368539
2023-11-23 07:37,Yusef Lateef,Eastern Market,259400
2023-11-23 07:41,Mulatu Astatke,Yèkèrmo Sèw,253386
2023-11-23 07:47,Yusef Lateef,Othelia - Remastered,275600
2023-11-23 07:53,Hank Mobley,Dig Dis - Remastered 1999/Rudy Van Gelder Edition,369386
2023-11-23 08:00,Yusef Lateef,Blues For The Orient - Rudy Van Gelder Remaster,334813
2023-11-23 08:04,Yusef Lateef,Bamboo Flute Blues,239360
2023-11-23 08:15,Yusef Lateef,Michelle,21509
2023-11-23 16:42,Yusef Lateef,Michelle,83313
2023-11-23 16:55,Yusef Lateef,Like It Is - Remastered,190447
2023-11-24 06:09,Jerry Garcia,Shady Grove,259533
2023-11-24 06:13,War,Spill the Wine,246333
2023-11-24 06:16,Morphine,Cure for Pain,194093
2023-11-24 06:20,Uncle Tupelo,Sandusky,223640
2023-11-24 06:25,Traffic,Here Comes A Man,308800
2023-11-24 06:27,The Peanut Butter Conspiracy,Flight of the Psychedelic Bumble Bee,122666
2023-11-24 06:32,The Black Crowes,Sting Me,280133
2023-11-24 06:36,Jimi Hendrix,"Killing Floor - Live at The Hollywood Bowl, Hollywood, CA - August 18, 1967",223616
2023-11-24 06:43,The Black Crowes,Sometimes Salvation,284000
2023-11-24 06:59,Mick Jagger,I've Been Lonely For So Long,209160
2023-11-24 07:11,Béla Fleck and the Flecktones,The Sinister Minister,2577
2023-11-24 11:57,Béla Fleck and the Flecktones,The Sinister Minister,274567
2023-11-24 12:00,Mick Jagger,Think,179053
2023-11-24 12:05,Mick Jagger,Wandering Spirit,258933
2023-11-24 12:12,Traffic,Nowhere Is Their Freedom,420426
2023-11-24 12:17,The Black Crowes,Jealous Again,275066
2023-11-24 12:22,Pearl Jam,Corduroy - Remastered,277586
2023-11-24 12:23,Blur,Tender,9228
2023-11-24 12:27,Elliott Smith,Waltz #2 (XO),280106
2023-11-24 12:28,The Flaming Lips,Race for the Prize - 2017 Remaster,45207
2023-11-24 12:33,Jeff Buckley,Last Goodbye,275720
2023-11-24 12:37,Red Hot Chili Peppers,Road Trippin',204960
2023-11-24 12:42,Queens of the Stone Age,Regular John,277808
2023-11-24 12:43,Jeff Buckley,Mojo Pin,94583
2023-11-24 12:49,Rush,Animate - 2004 Remaster,363440
2023-11-24 13:00,Pearl Jam,Dissident - Remastered,2833
2023-11-25 07:16,Yusef Lateef,Like It Is - Remastered,452533
2023-11-25 07:19,Thelonious Monk,'Round Midnight,193840
2023-11-25 07:25,Mulatu Astatke,Tezeta,368539
2023-11-25 07:28,Miles Davis,"Générique - Bande originale du film ""Ascenseur pour l'échafaud""",168512
2023-11-25 07:36,Horace Silver,Song For My Father,438280
2023-11-25 07:36,Miles Davis,"Flamenco Sketches (feat. John Coltrane, Cannonball Adderley & Bill Evans)",10727
2023-11-25 07:40,John Coltrane,Naima - Mono,265049
2023-11-25 07:48,Yusef Lateef,Buddy and Lou,192466
2023-11-25 07:52,Mulatu Astatke,Yèkèrmo Sèw,253386
2023-11-25 07:58,Miles Davis Quintet,It Never Entered My Mind,323186
2023-11-25 08:02,Yusef Lateef,Eastern Market,259400
2023-11-25 08:08,Yusef Lateef,Juba Juba - Remastered,263173
2023-11-25 08:11,Yusef Lateef,Bishop School,185440
2023-11-25 08:17,Yusef Lateef,Russell and Eliot,293146
2023-11-25 08:23,Yusef Lateef,Nubian Lady - 1972,398533
2023-11-25 08:28,Yusef Lateef,The Plum Blossom - Rudy Van Gelder Remaster,295066
2023-11-25 08:32,Yusef Lateef,Nocturne,239800
2023-11-25 08:33,Yusef Lateef,Michelle,6077
2023-11-25 08:38,Yusef Lateef,Love Theme From Spartacus - Rudy Van Gelder Remaster / 2006,251600
2023-11-25 10:49,Oliver Nelson,Stolen Moments,298363
2023-11-25 15:55,Chet Atkins,Jam Man,199493
2023-11-25 16:08,Herbie Mann,Memphis Underground,80791
2023-11-25 17:08,Herbie Mann,Memphis Underground,348435
2023-11-25 17:10,Buddy Rich Big Band,"The Beat Goes On - Live At Chez Club, Hollywood/1966/Remix",2338
2023-11-25 17:10,Sly & The Family Stone,If You Want Me to Stay,17664
2023-11-25 17:12,Mose Allison,The Seventh Son,157226
2023-11-25 17:16,Herbie Hancock,Fat Mama,229026
2023-11-25 17:22,Peter Green,Just for You,276160
2023-11-25 17:22,Nina Simone,Suzanne,22818
2023-11-25 17:26,Al Green,Take Me to the River,225373
2023-11-25 17:28,Buddy Miles,Down By The River,58320
2023-11-25 17:28,Ramsey Lewis,Cry Baby Cry,1951
2023-11-25 17:35,Bill Frisell,Pipeline,426173
2023-11-25 17:37,The Style Council,Mick's Blessings,76800
2023-11-25 17:49,Curtis Mayfield,Billy Jack,115295
2023-11-25 21:49,Curtis Mayfield,Billy Jack,1450
2023-11-26 07:17,Yusef Lateef,Eastern Market,259400
2023-11-26 07:43,Mulatu Astatke,Yèkèrmo Sèw,1146
2023-11-26 08:07,Mulatu Astatke,Yèkèrmo Sèw,252461
2023-11-26 08:11,Yusef Lateef,Buddy and Lou,192466
2023-11-26 08:16,Yusef Lateef,Juba Juba - Remastered,263173
2023-11-26 08:22,Miles Davis Quintet,It Never Entered My Mind,323186
2023-11-26 08:25,Dizzy Gillespie,All The Things You Are,169506
2023-11-26 08:32,Mulatu Astatke,Tezeta,368539
2023-11-26 08:34,Yusef Lateef,Bishop School,89847
2023-11-26 08:35,Erik Satie,"3 Gymnopédies: No. 1, Lent et douloureux",3056
2023-11-26 08:35,Philip Glass,"The Hours: An Unwelcome Friend (From ""The Hours"")",1614
2023-11-26 08:36,Philip Glass,Opening,35973
2023-11-26 08:36,Mahavishnu Orchestra,Birds Of Fire,984
2023-11-26 08:36,Bill Frisell,Rumble,1510
2023-11-26 08:36,Bill Frisell,Surfer Girl,2463
2023-11-26 08:36,Jean-Luc Ponty,Cosmic Messenger,1327
2023-11-26 08:39,Jethro Tull,Bourée,208397
2023-11-26 08:43,The Black Crowes,Jealous Again,4887
2023-11-26 08:47,The Rolling Stones,Bite My Head Off,211597
2023-11-26 08:58,The Rolling Stones,Mess It Up,40083
2023-11-27 06:15,Traffic,Nowhere Is Their Freedom,420426
2023-11-27 06:18,The Peanut Butter Conspiracy,Flight of the Psychedelic Bumble Bee,122666
2023-11-27 06:21,Quicksilver Messenger Service,Who Do You Love - Pt. 1,212733
2023-11-27 06:25,Mick Jagger,Wandering Spirit,258933
2023-11-27 06:30,The Black Crowes,Sometimes Salvation,284000
2023-11-27 06:34,Mick Jagger,I've Been Lonely For So Long,209160
2023-11-27 06:38,The Black Crowes,Jealous Again,275066
2023-11-27 06:42,Fleetwood Mac,Sunny Side of Heaven,190666
2023-11-27 06:46,The Yardbirds,White Summer - 2003 Remaster,236466
2023-11-27 06:57,Mick Jagger,Think,18316
2023-11-27 07:27,Kaleidoscope,Egyptian Garden,945
2023-11-27 07:27,Mick Jagger,Think,5671
2023-11-27 07:27,John McLaughlin,Peace One,1407
2023-11-27 07:28,The Black Crowes,Sting Me,8703
2023-11-27 07:39,Frank Zappa,Sexual Harassment In The Workplace,1355
2023-11-28 06:07,The Doors,Roadhouse Blues,32352
2023-11-28 06:11,The Rolling Stones,Live By The Sword,239001
2023-11-28 06:17,The Mothers Of Invention,Trouble Every Day,350053
2023-11-28 06:21,Mick Jagger,Wandering Spirit,258933
2023-11-28 06:25,Mulatu Astatke,Yèkèrmo Sèw,253386
2023-11-28 06:30,Pearl Jam,Corduroy - Remastered,277586
2023-11-28 06:35,Peter Green,Just for You,276160
2023-11-28 06:39,The Black Crowes,Sometimes Salvation,284000
2023-11-28 06:50,"Blood, Sweat & Tears","Variation on a Theme by Erik Satie (1st Movement - Adapted from ""Trois Gymnopedies"")",99893
2023-11-28 06:57,Traffic,Nowhere Is Their Freedom,420426
2023-11-28 07:00,The Peanut Butter Conspiracy,Flight of the Psychedelic Bumble Bee,122666
2023-11-28 07:03,Mick Jagger,Think,179053
2023-11-28 07:08,The Black Crowes,Sting Me,280133
2023-11-28 07:08,Mick Jagger,I've Been Lonely For So Long,9138
2023-11-28 07:15,Herbie Mann,Memphis Underground,429000
2023-11-28 07:20,The Black Crowes,Jealous Again,275066
2023-11-28 07:23,Yusef Lateef,Buddy and Lou,192466
2023-11-28 07:37,Yusef Lateef,Nubian Lady - 1972,230195
2023-11-28 08:49,The Rolling Stones,Dreamy Skies,1619
2023-11-28 08:49,The Rolling Stones,Rolling Stone Blues,1074
2023-11-28 08:49,The Rolling Stones,Live By The Sword,1601
2023-11-28 08:49,The Rolling Stones,Angie - Remastered 2009,2014
2023-11-28 08:49,The Rolling Stones,Whole Wide World,1619
2023-11-28 08:59,The Rolling Stones,Depending On You,2282
2023-11-28 18:09,Miles Davis Quintet,It Never Entered My Mind,16848
2023-11-28 18:12,Thelonious Monk,'Round Midnight,193840
2023-11-28 18:15,Chet Atkins,Jam Man,199493
2023-11-28 18:20,Yusef Lateef,Othelia - Remastered,275600
2023-11-28 18:23,Mulatu Astatke,Yègellé Tezeta,194293
2023-11-28 18:30,The Dave Brubeck Quartet,Take Five,324133
2023-11-28 18:32,Charlie Parker,Summertime,167121
2023-11-28 18:35,Dizzy Gillespie,All The Things You Are,169506
2023-11-28 18:39,Frank Zappa,Cletus Awreetus-Awrightus,176453
2023-11-28 18:45,John McLaughlin,The Way of the Pilgrim,315200
2023-11-28 18:52,John Coltrane,"A Love Supreme, Pt. I – Acknowledgement",462866
2023-11-28 19:01,Herbie Mann,Memphis Underground,429000
2023-11-28 19:04,Steely Dan,Doctor Wu,234640
2023-11-28 19:05,Oliver Nelson,Stolen Moments,40553
2023-11-28 19:12,Hank Mobley,Dig Dis - Remastered 1999/Rudy Van Gelder Edition,369386
2023-11-28 19:16,Tom Waits,New Coat Of Paint,202960
2023-11-28 19:21,Jean-Luc Ponty,Mirage,294000
2023-11-28 19:23,The Lounge Lizards,Do The Wrong Thing,162306
2023-11-28 19:31,John McLaughlin,Peace One,438459
2023-11-28 19:36,Miles Davis,Tomaas,335533
2023-11-28 19:42,Joachim Kühn,Rabih's Delight,288773
2023-11-28 19:48,Joachim Kühn,A Live Experience,362720
2023-11-28 19:49,Majid Bekkas,Ali ya ali,32604
2023-11-28 19:56,Joachim Kühn,Youmala,378626
2023-11-28 20:07,Joachim Kühn,Hamdouchi,52287
2023-11-29 05:10,Gentle Giant,Why Not?,163
2023-11-29 05:10,The Kinks,Drivin' (2019 Remaster),1378
2023-11-29 05:11,David Byrne,Light Bath,34712
2023-11-29 05:11,Sun Ra,Angels and Demons at Play,117130
2023-11-29 05:17,Ali Farka Touré,Bonde (with Ry Cooder),328826
2023-11-29 05:24,John McLaughlin,Peace One,438459
2023-11-29 05:30,Paul Simon,Diamonds on the Soles of Her Shoes,349280
2023-11-29 05:34,Willy DeVille,Hey Joe,253045
2023-11-29 05:37,Hugh Masekela,Grazing In The Grass,157773
2023-11-29 05:41,Scott Walker,The Old Man's Back Again (Dedicated To The Neo-Stalinist Regime),220573
2023-11-29 05:44,Irma Thomas,Ruler Of My Heart,159733
2023-11-29 05:47,Ry Cooder,"Paris, Texas",174760
2023-11-29 05:52,Os Mutantes,A Minha Menina,284986
2023-11-29 05:58,Mulatu Astatke,Yègellé Tezeta,14045
2023-11-29 05:58,Mulatu Astatke,Yèkèrmo Sèw,253386
2023-11-29 06:01,Paul Simon,Gumboots (with Boyoyo Boys),164826
2023-11-29 06:02,Bob Dylan,Wigwam,15875
2023-11-29 06:02,Paul Simon,Under African Skies,24994
2023-11-29 06:06,Mick Jagger,Think,179053
2023-11-29 06:12,The Mothers Of Invention,Trouble Every Day,350053
2023-11-29 06:17,Pearl Jam,Corduroy - Remastered,277586
2023-11-29 06:28,The Black Crowes,Sometimes Salvation,284000
2023-11-29 06:36,Yusef Lateef,Like It Is - Remastered,452533
2023-11-29 06:43,Traffic,Nowhere Is Their Freedom,420426
2023-11-29 06:45,"Blood, Sweat & Tears","Variation on a Theme by Erik Satie (1st Movement - Adapted from ""Trois Gymnopedies"")",99893
2023-11-29 06:47,The Peanut Butter Conspiracy,Flight of the Psychedelic Bumble Bee,122666
2023-11-29 06:53,Miles Davis Quintet,It Never Entered My Mind,323186
2023-11-29 07:00,Yusef Lateef,Nubian Lady - 1972,398533
2023-11-29 07:01,Yusef Lateef,Bishop School,19745
2023-11-29 07:06,Yusef Lateef,The Plum Blossom - Rudy Van Gelder Remaster,15336
2023-11-29 07:06,The Rolling Stones,Mess It Up,243687
2023-11-29 07:10,Hampton Hawes Trio,I Got Rhythm,198560
2023-11-29 07:10,Dizzy Gillespie,Groovin' High,6905
2023-11-29 07:12,Bud Powell Trio,Off Minor - 1990 Remaster,143733
2023-11-29 07:14,Thelonious Monk,Mood Indigo,1474
2023-11-29 07:14,Thelonious Monk,I Should Care,117440
2023-11-29 07:22,Herbie Mann,Memphis Underground,429000
2023-11-29 09:34,Herbie Mann,Push Push (feat. Duane Allman),5125
2023-11-29 09:35,Mulatu Astatke,Tezeta,5099
2023-11-29 09:47,Herbie Mann,The Butterfly in a Stone Garden,76138
2023-11-29 10:04,Tom Waits,Semi Suite,209266
2023-11-29 10:07,Tom Waits,San Diego Serenade,210226
2023-11-29 10:10,Tom Waits,Fumblin' With The Blues,182893
2023-11-29 10:14,Tom Waits,Ol' 55,236480
2023-11-29 10:18,Tom Waits,New Coat Of Paint,202960
2023-11-29 10:21,Tom Waits,The Ghosts Of Saturday Night (After Hours At Napoleone's Pizza House),197040
2023-11-29 10:32,Tom Waits,"Depot, Depot",54281
2023-11-29 11:25,The Spencer Davis Group,Keep On Running - Mono Version,166573
2023-11-29 11:26,Shuggie Otis,Sweet Thang,3453
2023-11-29 11:26,John McLaughlin,Peace One,19291
2023-11-29 11:27,Paul Simon,Gumboots (with Boyoyo Boys),1566
2023-11-29 11:27,Buzzcocks,Why Can't I Touch It? - 2001 Remastered Version,45751
2023-11-29 11:27,Paul Simon,I Know What I Know (with General M.D.Shirinda & The Gaza Sisters),1485
2023-11-29 11:27,Ry Cooder,"Paris, Texas",1570
2023-11-29 11:27,Cymande,Dove,19394
2023-11-29 11:29,Charlie Parker Quartet,Star Eyes - Incomplete & False Start,70133
2023-11-29 11:30,Thelonious Monk Septet,Epistrophy - Fragment,106200
2023-11-29 11:38,Herbie Hancock,Watermelon Man - Remastered,429266
2023-11-29 11:43,Yusef Lateef,The Plum Blossom - Rudy Van Gelder Remaster,295066
2023-11-29 11:45,Thelonious Monk,Dinah (Take 2),148933
2023-11-29 11:47,Lennie Tristano,Inflight,125720
2023-11-29 11:54,Charles Mingus,Better Git It in Your Soul,440840
2023-11-29 11:58,Kenny Drew,Four And Five,196000
2023-11-29 12:00,Dizzy Gillespie,An Oscar For Treadwell - Incomplete 411-1,113520
2023-11-29 12:02,Yusef Lateef,Don't Blame Me - Rudy Van Gelder Remaster,84711
2023-11-29 12:03,Steve Reich,Music for 18 Musicians: Section I,58868
2023-11-29 12:04,Terry Riley,Descending Moonshine Dervishes,27184
2023-11-29 12:14,Joachim Kühn,Youmala,37269
2023-11-29 12:45,Terry Riley,The Protege,174893
2023-11-29 12:47,Terry Riley,Long Bus Ride,102076
2023-11-29 12:49,Terry Riley,M - Music I - Inside C - Curved E-Entrances,131213
2023-11-29 12:54,Terry Riley,The Harp of New Albion: IV. Cadence on the Wind,305200
2023-11-29 13:13,Terry Riley,Journey From The Death Of A Friend,1108053
2023-11-29 13:16,Terry Riley,Descending Moonshine Dervishes,145322
2023-11-29 13:26,Terry Riley,Part II - Live 1974,2474
2023-11-29 15:06,Joachim Kühn,Kalimba Call,289520
2023-11-29 15:11,Joachim Kühn,Rabih's Delight,288773
2023-11-29 15:12,Joachim Kühn,Hamdouchi,70809
2023-11-29 15:45,Terry Riley,A Rainbow in the Curved Air - Instrumental,633194
2023-11-29 19:07,Arlo Guthrie,Coming into Los Angeles - Remastered,186506
2023-11-29 19:19,Frank Zappa,Peaches En Regalia,218893
2023-11-29 19:19,Jethro Tull,Aqualung,5832
2023-11-29 19:22,The Rolling Stones,Street Fighting Man - 50th Anniversary Edition,195146
2023-11-29 19:32,Yes,Siberian Khatru - 2003 Remaster,532946
2023-11-29 19:33,Jethro Tull,We Used to Know,6716
2023-11-29 19:36,The Rolling Stones,Sittin' On A Fence,182853
2023-11-29 19:45,George Harrison,Wah-Wah (2014 Remaster),337750
2023-11-29 19:50,Rush,Leave That Thing Alone - 2004 Remaster,245826
2023-11-29 19:54,Tangerine Dream,Stratosfear,22340
2023-11-29 19:54,The Rolling Stones,Moonlight Mile - 2009 Mix,3042
2023-11-29 19:59,Masayoshi Takanaka,トーキョーレギー,260333
2023-11-29 19:59,Grateful Dead,Estimated Prophet - 2014 Remaster,2596
2023-11-29 20:00,Joachim Kühn,Hamdouchi,1942
2023-11-29 20:00,The Doors,The Crystal Ship,33086
2023-11-29 20:02,Joachim Kühn,Youmala,64287
2023-11-29 20:03,Tord Gustavsen Quartet,Glasgow Intro,73666
2023-11-29 20:04,Wako,Snart blir jeg far,63253
2023-11-29 20:08,Marc Copland,Flip Side,225653
2023-11-29 20:11,Søren Bebe Trio,Tango for T,230986
2023-11-29 20:14,Unknown Artist,Unknown Track,24597
2023-11-29 20:14,Unknown Artist,Unknown Track,2288
2023-11-29 20:15,Joachim Kühn,The Crystal Ship,199712
2023-11-29 20:17,Yaron Herman,Summertime,105640
2023-11-29 20:19,Dr. Gwon,Awakening (Tuning In),118847
2023-11-29 20:22,Enrico Rava,Drops,148920
2023-11-29 20:23,Anat Fort Trio,"Milarepa, Pt. 1",99626
2023-11-29 20:25,Cream,Tales Of Brave Ulysses,4321
2023-11-29 20:25,Tord Gustavsen Trio,The Other Side,129917
2023-11-29 20:29,Creedence Clearwater Revival,Run Through The Jungle,185106
2023-11-29 20:31,The Beatles,Norwegian Wood (This Bird Has Flown) - Remastered 2009,124693
2023-11-29 20:36,George Harrison,Wah-Wah (2014 Remaster),337750
2023-11-29 20:38,Yes,Siberian Khatru - 2003 Remaster,44370
2023-11-29 20:38,The Beatles,While My Guitar Gently Weeps - Remastered 2009,1708
2023-11-29 20:42,The Rolling Stones,Mess It Up,243687
2023-11-29 20:49,Chris Squire,Lucky Seven,414200
2023-11-29 20:53,Frank Zappa,Peaches En Regalia,218893
2023-11-29 21:00,The Rolling Stones,Sympathy For The Devil - 50th Anniversary Edition,378146
2023-11-29 21:09,Aerosmith,Sweet Emotion,274088
2023-11-29 21:12,The Rolling Stones,"Have You Seen Your Mother, Baby, Standing In The Shadow? - Mono Version",154000
2023-11-29 21:21,Ultimate Spinach,(BALLAD OF) THE HIP DEATH GODDESS,494933
2023-11-29 21:22,Jethro Tull,Aqualung,3378
2023-11-29 21:24,Kaleidoscope,Keep Your Mind Open,138400
2023-11-29 21:28,Rush,Leave That Thing Alone - 2004 Remaster,245826
2023-11-29 21:32,Arlo Guthrie,Coming into Los Angeles - Remastered,186506
2023-11-29 21:48,Jasper van't Hofs Pili Pili,Pili Pili,944133
2023-11-29 21:49,The Rolling Stones,Jumpin' Jack Flash,1568
2023-11-29 21:49,Spirit,Fresh-Garbage,3737
2023-11-29 21:49,Frank Zappa,Apostrophe',2170
2023-11-29 21:52,Kaleidoscope,Egyptian Garden,186266
2023-11-29 21:53,Tangerine Dream,Stratosfear,34014
2023-11-30 04:45,Pink Floyd,San Tropez - 2011 Remastered Version,6956
2023-11-30 04:46,Hasna el Becharia,Rabi-Lik,25446
2023-11-30 04:51,Dahmane El Harrachi,Ya rayah,277253
2023-11-30 04:51,Hasna el Becharia,"El lil lil, el lilibiya",3078
2023-11-30 04:55,Oum,Taragalte,7719
2023-11-30 04:55,Aziza Brahim,Baraka,231640
2023-11-30 05:01,Hasna el Becharia,Hakmet lakdar,351440
2023-11-30 05:03,Unknown Artist,Unknown Track,2574
2023-11-30 05:03,Unknown Artist,Unknown Track,1098
2023-11-30 05:03,David Bowie,Station to Station - 2016 Remaster,933
2023-11-30 05:03,The Doors,Peace Frog,1133
2023-11-30 05:04,Imarhan,Achinkad,9264
2023-11-30 05:04,Driss El Maloumi,Comme une joie,139240
2023-11-30 05:07,Mariem Hassan,Haiyu,202253
2023-11-30 05:11,Hasna el Becharia,Koul chi al Oualidine,247560
2023-11-30 05:15,Hamza El Din,Mwashah,224293
2023-11-30 05:16,Kel Assouf,Akaline,67500
2023-11-30 05:20,Howlin' Wolf,Do The Do,32575
2023-11-30 06:06,Howlin' Wolf,Do The Do,111294
2023-11-30 06:11,Howlin' Wolf,Rockin' Daddy,226893
2023-11-30 06:14,Howlin' Wolf,Sitting On Top Of The World,155360
2023-11-30 06:18,Howlin' Wolf,Back Door Man,173533
2023-11-30 06:21,Howlin' Wolf,I Ain't Superstitious,211866
2023-11-30 06:22,Howlin' Wolf,Worried About My Baby,4447
2023-11-30 06:23,Muddy Waters,I'm Ready - 1972 Version,30991
2023-11-30 06:27,The Rolling Stones,"Paint It, Black",202266
2023-11-30 06:31,The Rolling Stones,Mess It Up,243687
2023-11-30 06:40,Rush,La Villa Strangiato,574733
2023-11-30 06:43,The Doors,The Crystal Ship,152000
2023-11-30 06:47,T. Rex,Jeepster,247773
2023-11-30 06:51,Ultimate Spinach,SACRIFICE OF THE MOON,225640
2023-11-30 06:58,Jerry Garcia Band,Cats Under The Stars,331000
2023-11-30 07:13,The Beatles,While My Guitar Gently Weeps - Remastered 2009,73007
2023-11-30 07:19,The Beatles,While My Guitar Gently Weeps - Remastered 2009,682
2023-11-30 07:23,Arlo Guthrie,St. James Infirmary - Live,239626
2023-11-30 07:36,The Rolling Stones,Doo Doo Doo Doo Doo (Heartbreaker),111787
2023-11-30 08:32,The Rolling Stones,Doo Doo Doo Doo Doo (Heartbreaker),94999
2023-11-30 08:33,The Rolling Stones,Mother's Little Helper,1578
2023-11-30 08:40,Jethro Tull,Aqualung,3406
2023-11-30 08:40,Tangerine Dream,Cinnamon Road - 1995 Remaster,238933
2023-11-30 08:46,Rush,Subdivisions,334000
2023-11-30 08:47,The Byrds,Mr. Spaceman,795
2023-11-30 08:47,"Crosby, Stills, Nash & Young",Carry On,1354
2023-11-30 08:47,Jean-Luc Ponty,Mirage,1413
2023-11-30 08:52,Steely Dan,Doctor Wu,234640
2023-11-30 08:54,Kaleidoscope,Keep Your Mind Open,138400
2023-11-30 09:05,Allman Brothers Band,In Memory Of Elizabeth Reed,3815
2023-11-30 10:21,Paul McCartney,Nineteen Hundred And Eighty Five,1972
2023-11-30 10:21,Allman Brothers Band,In Memory Of Elizabeth Reed,11566
2023-11-30 10:25,Jerry Garcia,The Wheel,243365
2023-11-30 10:29,"Crosby, Stills, Nash & Young",Ohio,264666
2023-11-30 10:35,Steely Dan,Don't Take Me Alive,256360
2023-11-30 10:38,Fleetwood Mac,Emerald Eyes,214973
2023-11-30 10:59,Rush,Leave That Thing Alone - 2004 Remaster,161694
2023-11-30 11:00,Salif Keita,M'Bemba,6347
2023-11-30 11:00,Ballaké Sissoko,Guelen,7435
2023-11-30 11:03,Howlin' Wolf,Poor Boy,187533
2023-11-30 11:06,Howlin' Wolf,Who's Been Talking?,187493
2023-11-30 11:09,Howlin' Wolf,Worried About My Baby,179040
2023-11-30 11:12,Howlin' Wolf,Smokestack Lightnin',188400
2023-11-30 11:16,Howlin' Wolf,I Ain't Superstitious,211866
2023-11-30 11:20,Howlin' Wolf,Red Rooster,239066
2023-11-30 11:24,Howlin' Wolf,Sitting On Top Of The World,235093
2023-11-30 11:27,Howlin' Wolf,Killing Floor,172826
2023-11-30 11:28,Howlin' Wolf,Spoonful,69940
2023-11-30 11:33,Herbie Mann,The Butterfly in a Stone Garden,320746
2023-11-30 11:45,Herbie Mann,Spirit in the Dark,133824
2023-11-30 11:46,King Crimson,Neal And Jack And Me,2789
2023-11-30 11:46,Rush,La Villa Strangiato,1942
2023-11-30 11:46,The Doors,The Crystal Ship,1188
2023-11-30 11:57,King Crimson,Book Of Saturday,30378
2023-11-30 17:42,Ultimate Spinach,(BALLAD OF) THE HIP DEATH GODDESS,494933
2023-11-30 17:46,King Crimson,Book Of Saturday,145600
2023-11-30 17:57,Jerry Garcia Band,Cats Under The Stars,65521
2023-11-30 18:29,Miravaldini,Abrazo Sereno,136640
2023-11-30 18:29,Aziz Sahmaoui,Maktoube - Long Version,17520
2023-11-30 18:30,Yes,"Starship Trooper: a. Life Seeker, b. Disillusion, c. Würm",18745
2023-11-30 18:36,Santana,Song of the Wind,368200
2023-11-30 18:37,Traffic,Rock 'N' Roll Stew,4992
2023-11-30 18:38,Spirit,Fresh-Garbage,1290
2023-11-30 18:38,Frank Zappa,Peaches En Regalia,26985
2023-11-30 18:38,The Mothers Of Invention,"Hungry Freaks, Daddy",1139
2023-11-30 18:47,Traffic,Light Up Or Leave Me Alone,1066
2023-11-30 18:47,Yusef Lateef,Why Do I Love You?,16140
2023-11-30 18:47,Dizzy Gillespie,An Oscar For Treadwell - Incomplete 411-1,4861
2023-11-30 18:56,Hamza El Din,Ollin Arageed,510533
2023-11-30 19:05,Rabih Abou-Khalil,The Happy Sheik,572333
2023-11-30 19:23,Rabih Abou-Khalil,Blue Camel,499514
2023-12-01 04:14,The Rolling Stones,No Use In Crying - Remastered,2112
2023-12-01 04:14,Led Zeppelin,Travelling Riverside Blues (BBC Session) - Remastered,1778
2023-12-01 04:14,The Police,Canary In A Coalmine,146666
2023-12-01 04:14,The Rolling Stones,She's So Cold - Remastered,2668
2023-12-01 06:07,The Rolling Stones,Hang Fire - Remastered,141093
2023-12-01 06:11,Ry Cooder,Feelin' Bad Blues - 2008 Remaster,256826
2023-12-01 06:14,Led Zeppelin,We're Gonna Groove - Remaster,158413
2023-12-01 06:20,Steely Dan,Babylon Sisters,348333
2023-12-01 06:21,Paul McCartney,Coming Up - Remastered 2011,67796
2023-12-01 06:21,Frank Zappa,Sexual Harassment In The Workplace,2503
2023-12-01 06:25,The Kinks,Living on a Thin Line,252641
2023-12-01 06:30,The Rolling Stones,Waiting On A Friend - Remastered 2009,274226
2023-12-01 06:31,Pink Floyd,Not Now John - 2011 Remastered Version,34665
2023-12-01 06:34,The Rolling Stones,Doo Doo Doo Doo Doo (Heartbreaker),206466
2023-12-01 06:38,King Crimson,Book Of Saturday,175720
2023-12-01 06:43,Jerry Garcia Band,Cats Under The Stars,331000
2023-12-01 06:48,Frank Zappa,Peaches En Regalia,218893
2023-12-01 06:52,Steely Dan,Doctor Wu,234640
2023-12-01 06:56,Tom Waits,New Coat Of Paint,202960
2023-12-01 06:59,Kaleidoscope,Egyptian Garden,186266
2023-12-01 07:03,Kaleidoscope,Keep Your Mind Open,138400
2023-12-01 07:06,Arlo Guthrie,Coming into Los Angeles - Remastered,186506
2023-12-01 07:17,Jean-Luc Ponty,Mirage,108447
2023-12-01 07:48,Aziza Brahim,Intifada,4419
2023-12-01 07:48,Sarah & Ismael,Ahayli,6104
2023-12-01 07:48,Souad Massi,Talit El Bir,35628
2023-12-01 08:02,Lee Morgan,The Sidewinder - Remastered 1999/Rudy Van Gelder Edition,185557
2023-12-01 09:21,Herbie Mann,Memphis Underground,429000
2023-12-01 09:23,Herbie Mann,Cajun Moon (feat. Cissy Housten),123956
2023-12-01 09:24,Herbie Mann,Push Push (feat. Duane Allman),51280
2023-12-01 09:27,Mose Allison,The Seventh Son,157226
2023-12-01 09:30,Julian Lage,Nocturne,199015
2023-12-01 09:42,Herbie Hancock,Fat Mama,108912
2023-12-01 10:25,Jerry Garcia,The Wheel,4173
2023-12-01 10:26,Jerry Garcia Band,Cats Under The Stars,8401
2023-12-01 10:31,Fleetwood Mac,Sunny Side of Heaven,190666
2023-12-01 10:35,The Rolling Stones,Gimme Shelter,270773
2023-12-01 10:40,The Rolling Stones,"Paint It, Black",202266
2023-12-01 10:42,The Rolling Stones,Can I Get A Witness,176080
2023-12-01 10:46,The Mothers Of Invention,"Hungry Freaks, Daddy",210466
2023-12-01 10:58,Pink Floyd,One Of These Days - 2011 Remastered Version,59676
2023-12-01 14:43,Pink Floyd,One Of These Days - 2011 Remastered Version,296041
2023-12-01 14:49,Rush,Animate - 2004 Remaster,363440
2023-12-01 15:00,Tangerine Dream,Stratosfear,635744
2023-12-01 15:01,The Rolling Stones,Sympathy For The Devil - 50th Anniversary Edition,4471
2023-12-01 15:07,Frank Zappa,Apostrophe',349786
2023-12-01 15:11,Jethro Tull,Cross-Eyed Mary,250200
2023-12-01 15:16,Pearl Jam,Corduroy - Remastered,277586
2023-12-01 15:21,Masayoshi Takanaka,トーキョーレギー,260333
2023-12-01 15:23,Bob Dylan,Subterranean Homesick Blues,141293
2023-12-01 15:24,The Rolling Stones,Mother's Little Helper,3471
2023-12-01 15:34,Grateful Dead,Althea - 2013 Remaster,2389
2023-12-01 16:09,Grateful Dead,Althea - 2013 Remaster,16042
2023-12-01 19:01,Fleetwood Mac,Emerald Eyes,5298
2023-12-01 19:01,Grateful Dead,Althea - 2013 Remaster,2442
2023-12-01 19:03,Grateful Dead,Althea - 2013 Remaster,3378
2023-12-01 19:07,The Rolling Stones,Sway - 2009 Mix,232533
2023-12-01 19:11,The Rolling Stones,Street Fighting Man - 50th Anniversary Edition,195146
2023-12-01 19:15,Allman Brothers Band,In Memory Of Elizabeth Reed,238384
2023-12-01 19:18,Captain Beefheart & His Magic Band,Her Eyes Are a Blue Million Miles,177506
2023-12-01 19:24,John Paul Jones,Leafy Meadows,310466
2023-12-01 19:29,Fleetwood Mac,Child of Mine,327866
2023-12-01 19:33,The Doors,Peace Frog,170132
2023-12-01 19:40,Chris Squire,Lucky Seven,414200
2023-12-01 19:43,The Byrds,Mr. Spaceman,129506
2023-12-01 19:47,Frank Zappa,Peaches En Regalia,218893
2023-12-01 19:51,Tangerine Dream,Cinnamon Road - 1995 Remaster,238933
2023-12-01 19:57,George Harrison,Wah-Wah (2014 Remaster),337750
2023-12-01 20:01,Steely Dan,Don't Take Me Alive,256360
2023-12-01 20:05,Pink Floyd,San Tropez - 2011 Remastered Version,222853
2023-12-01 20:09,Strawberry Alarm Clock,Incense And Peppermints,167453
2023-12-01 20:13,Rush,Leave That Thing Alone - 2004 Remaster,245826
2023-12-01 20:17,Jethro Tull,Teacher - Single Mix; 2001 Remaster,227520
2023-12-01 20:27,Ultimate Spinach,Mind Flowers,580093
2023-12-01 20:31,Fleetwood Mac,Jewel Eyed Judy - 2018 Remaster,199373
2023-12-01 20:35,Kaleidoscope,Egyptian Garden,1371
2023-12-01 20:35,Jean-Luc Ponty,Mirage,180071
2023-12-01 20:35,Love,Alone Again Or - 2015 Remaster,2290
2023-12-01 20:35,Frank Zappa,Uncle Remus,1703
2023-12-02 06:27,The First Edition,Just Dropped In (To See What Condition My Condition Was In),31722
2023-12-02 06:33,The Black Crowes,Sting Me,280133
2023-12-02 06:37,Tom Waits,New Coat Of Paint,202960
2023-12-02 06:44,Herbie Mann,Memphis Underground,429000
2023-12-02 06:47,Kaleidoscope,Egyptian Garden,186266
2023-12-02 06:50,King Crimson,Book Of Saturday,175720
2023-12-02 06:55,Jean-Luc Ponty,Mirage,294000
2023-12-02 06:57,Kaleidoscope,Keep Your Mind Open,138400
2023-12-02 07:01,Chet Atkins,Jam Man,199493
2023-12-02 07:05,Frank Zappa,Peaches En Regalia,218893
2023-12-02 07:08,Arlo Guthrie,Coming into Los Angeles - Remastered,186506
2023-12-02 07:18,Ultimate Spinach,(BALLAD OF) THE HIP DEATH GODDESS,494933
2023-12-02 07:20,Dizzy Gillespie,All The Things You Are,169506
2023-12-02 07:22,Yusef Lateef,Eastern Market,11719
2023-12-02 07:27,Blind Faith,Sea Of Joy,321800
2023-12-02 07:31,Mike Bloomfield,Stop,13371
2023-12-02 07:31,Traffic,(Roamin' Thro' The Gloamin' With) 40.000 Headman,194400
2023-12-02 07:36,Van Halen,Spanish Fly - 2015 Remaster,1882
2023-12-02 07:36,Frank Zappa,Dirty Love,7254
2023-12-02 07:36,Frank Zappa,Dirty Love,7573
2023-12-02 07:36,Pixies,Cecilia Ann,897
2023-12-02 07:36,George Harrison,Out of the Blue (2014 Remaster),4880
2023-12-02 07:36,Paul McCartney,Long Tailed Winter Bird,1184
2023-12-02 07:37,The Alan Parsons Project,Prime Time,961
2023-12-02 07:37,Fleetwood Mac,Night Watch,7091
2023-12-02 07:37,King Gizzard & The Lizard Wizard,Iron Lung,959
2023-12-02 07:37,The Alan Parsons Project,The Gold Bug,1227
2023-12-02 07:37,Delvon Lamarr Organ Trio,Close but No Cigar,1544
2023-12-02 07:37,Billy Joel,52nd Street,1072
2023-12-02 07:37,Frank Zappa,Dirty Love,906
2023-12-02 07:37,Anthony Phillips,Which Way the Wind Blows,1519
2023-12-02 07:37,Gentle Giant,Aspirations,962
2023-12-02 07:37,Miles Davis,Pharaoh's Dance,4431
2023-12-02 07:37,Charlie Hunter,Welcome To Frankfurt,958
2023-12-02 07:37,J.J. Cale,Money Talks,1379
2023-12-02 07:37,Jazz Sabbath,Rat Salad,1078
2023-12-02 07:37,Jazz Sabbath,Rat Salad,4962
2023-12-02 07:37,The Beatles,Good Day Sunshine - 2022 Mix,2383
2023-12-02 07:37,The Beatles,Good Day Sunshine - 2022 Mix,431
2023-12-02 07:37,Tony Joe White,Homemade Ice Cream,4764
2023-12-02 07:37,Grateful Dead,Row Jimmy - 2013 Remaster,2779
2023-12-02 07:37,Mark Knopfler,Going Home: Theme Of The Local Hero,965
2023-12-02 07:37,Little Feat,Got No Shadow,1316
2023-12-02 07:37,George Benson,On Broadway,921
2023-12-02 07:42,John Mayall,Fly Tomorrow,540893
2023-12-02 07:45,Mike Bloomfield,Man's Temptation,203493
2023-12-02 07:49,Peter Green,In the Skies,229000
2023-12-02 08:03,Blind Faith,"Under My Thumb - Live: Hyde Park, London 7th June 1969",366533
2023-12-02 08:22,Free,I'll Be Creepin',1575
2023-12-02 08:32,Blind Faith,Presence Of The Lord,9429
2023-12-02 12:30,Blind Faith,"Under My Thumb - Live: Hyde Park, London 7th June 1969",2518
2023-12-02 12:30,Blind Faith,"Under My Thumb - Live: Hyde Park, London 7th June 1969",7654
2023-12-02 12:30,Blind Faith,Presence Of The Lord,31893
2023-12-02 12:30,Blind Faith,"Sleeping In The Ground - Live: Hyde Park, London 7th June 1969",3483
2023-12-02 12:35,Blind Faith,Well All Right,266866
2023-12-02 12:44,Blind Faith,Had To Cry Today,528733
2023-12-02 12:49,Leon Russell,Stranger In A Strange Land,11968
2023-12-02 12:49,Blind Faith,Presence Of The Lord,287426
2023-12-02 12:52,Buffalo Springfield,Questions,177866
2023-12-02 12:58,Buffalo Springfield,Bluebird,275760
2023-12-02 13:01,Buffalo Springfield,Rock & Roll Woman,165846
2023-12-02 13:05,Quicksilver Messenger Service,Who Do You Love - Pt. 1,212733
2023-12-02 13:08,Little Feat,Rock and Roll Doctor,178666
2023-12-02 13:15,Quicksilver Messenger Service,Mona,421266
2023-12-02 14:21,Quicksilver Messenger Service,Pride Of Man,10716
2023-12-02 14:40,Strawberry Alarm Clock,Incense And Peppermints,167453
2023-12-02 14:41,Paul McCartney,Nineteen Hundred And Eighty Five,2339
2023-12-02 14:41,Blind Faith,"Under My Thumb - Live: Hyde Park, London 7th June 1969",8493
2023-12-02 14:46,Rush,Subdivisions,334000
2023-12-02 14:50,The Rolling Stones,Mother's Little Helper,164893
2023-12-02 14:58,Ultimate Spinach,(BALLAD OF) THE HIP DEATH GODDESS,494933
2023-12-02 15:05,Frank Zappa,Apostrophe',349786
2023-12-02 15:10,John Paul Jones,Leafy Meadows,310466
2023-12-02 15:14,Creedence Clearwater Revival,Lookin' Out My Back Door,152466
2023-12-02 15:17,Tangerine Dream,Betrayal (Sorcerer Theme),223960
2023-12-02 15:21,Tangerine Dream,Cinnamon Road - 1995 Remaster,238933
2023-12-02 15:25,Steely Dan,Doctor Wu,234640
2023-12-02 15:30,T. Rex,Jeepster,247773
2023-12-02 15:33,Buffalo Springfield,Mr. Soul,172400
2023-12-02 15:40,Pink Floyd,One Of These Days - 2011 Remastered Version,355400
2023-12-02 15:51,Creedence Clearwater Revival,I Heard It Through The Grapevine,667409
2023-12-02 15:55,The Rolling Stones,Mess It Up,243687
2023-12-02 15:56,Kaleidoscope,Egyptian Garden,1349
2023-12-02 15:56,The Rolling Stones,"Paint It, Black",2966
2023-12-02 15:56,The Rolling Stones,Sympathy For The Devil - 50th Anniversary Edition,251
2023-12-02 15:56,Steely Dan,Don't Take Me Alive,1548
2023-12-02 15:56,Grateful Dead,Althea - 2013 Remaster,1323
2023-12-02 16:12,Jasper van't Hofs Pili Pili,Pili Pili,944133
2023-12-02 16:13,T. Rex,Get It On,3901
2023-12-02 16:16,Creedence Clearwater Revival,Run Through The Jungle,185106
2023-12-02 16:21,Keith Richards,Wicked As It Seems (2010 - Remaster),285263
2023-12-02 16:26,Mahavishnu Orchestra,Miles Beyond,279568
2023-12-02 16:29,The Rolling Stones,Sittin' On A Fence,182853
2023-12-02 16:47,Tom Petty and the Heartbreakers,Mary Jane's Last Dance,273600
2023-12-02 16:51,Jethro Tull,Teacher - Single Mix; 2001 Remaster,227520
2023-12-02 16:54,Fleetwood Mac,Jewel Eyed Judy - 2018 Remaster,199373
2023-12-02 17:04,Yes,Siberian Khatru - 2003 Remaster,532946
2023-12-02 17:08,The Rolling Stones,Gimme Shelter,270773
2023-12-02 17:14,Pearl Jam,Immortality - Remastered,318066
2023-12-02 17:31,Jethro Tull,Aqualung,381903
2023-12-02 18:01,Rush,The Trees,282506
2023-12-02 18:05,Jethro Tull,Cross-Eyed Mary,250200
2023-12-02 18:24,Led Zeppelin,Tangerine - Remaster,151003
2023-12-02 19:43,Unknown Artist,Unknown Track,811
2023-12-02 19:43,The Doors,Peace Frog,1230
2023-12-03 06:30,Led Zeppelin,The Rover - Remaster,26074
2023-12-03 06:30,Led Zeppelin,Tangerine - Remaster,41050
2023-12-03 06:31,Jean-Luc Ponty,Cosmic Messenger,6134
2023-12-03 06:39,Yusef Lateef,Like It Is - Remastered,452533
2023-12-03 06:46,John McLaughlin,Peace One,438459
2023-12-03 06:49,Mose Allison,The Seventh Son,157226
2023-12-03 06:55,Frank Zappa,Eat That Question,400880
2023-12-03 07:03,John Coltrane,"A Love Supreme, Pt. I – Acknowledgement",462866
2023-12-03 07:08,Bill Frisell,Surfer Girl,254106
2023-12-03 07:09,The Style Council,Mick's Blessings,76800
2023-12-03 07:14,Yusef Lateef,Othelia - Remastered,275600
2023-12-03 07:21,John Scofield,A Go Go,347539
2023-12-03 07:25,Jimi Hendrix,All Along the Watchtower,240800
2023-12-03 07:29,The Rolling Stones,Can I Get A Witness,176080
2023-12-03 07:31,The Rolling Stones,Jumpin' Jack Flash,905
2023-12-03 07:31,Creedence Clearwater Revival,Lookin' Out My Back Door,152466
2023-12-03 07:34,Strawberry Alarm Clock,Incense And Peppermints,167453
2023-12-03 07:35,Kaleidoscope,Egyptian Garden,2208
2023-12-03 07:45,Ultimate Spinach,Mind Flowers,580093
2023-12-03 08:13,Pearl Jam,Immortality - Remastered,318066
2023-12-03 08:23,Rush,La Villa Strangiato,574733
2023-12-03 08:28,Masayoshi Takanaka,トーキョーレギー,260333
2023-12-03 08:34,George Harrison,Wah-Wah (2014 Remaster),337750
2023-12-03 08:38,Ten Years After,I'd Love to Change the World - 2004 Remaster,224133
2023-12-03 08:42,Paul McCartney,Nineteen Hundred And Eighty Five,4709
2023-12-03 08:42,Premiata Forneria Marconi,Celebration,233000
2023-12-03 08:46,The Rolling Stones,Sittin' On A Fence,182853
2023-12-03 08:49,Bob Dylan,Subterranean Homesick Blues,141293
2023-12-03 08:53,The Rolling Stones,Mess It Up,243687
2023-12-03 08:54,The Rolling Stones,Sympathy For The Devil - 50th Anniversary Edition,3585
2023-12-03 08:57,Jethro Tull,We Used to Know,1314
2023-12-03 08:57,Frank Zappa,Peaches En Regalia,11324
2023-12-03 08:57,The First Edition,Just Dropped In (To See What Condition My Condition Was In),201213
2023-12-03 09:02,Mike Bloomfield,Stop,260533
2023-12-03 09:06,Jerry Garcia,The Wheel,243365
2023-12-03 09:10,Keith Richards,Wicked As It Seems (2010 - Remaster),5478
2023-12-03 09:10,Tangerine Dream,Cinnamon Road - 1995 Remaster,238933
2023-12-03 09:14,Ultimate Spinach,SACRIFICE OF THE MOON,225640
2023-12-03 09:18,Jethro Tull,Teacher - Single Mix; 2001 Remaster,12866
2023-12-03 09:18,Buffalo Springfield,Mr. Soul,21757
2023-12-03 09:18,Spirit,Fresh-Garbage,191000
2023-12-03 09:22,The Who,The Real Me,200706
2023-12-03 09:41,Cream,White Room,124372
2023-12-03 14:07,The Style Council,Mick's Blessings,76800
2023-12-03 14:08,Cream,White Room,9436
2023-12-03 14:08,Bill Frisell,Rumble,861
2023-12-03 14:08,Jean-Luc Ponty,Cosmic Messenger,1634
2023-12-03 14:11,Frank Zappa,Cletus Awreetus-Awrightus,176453
2023-12-03 14:12,Mahavishnu Orchestra,Birds Of Fire,39005
2023-12-03 14:15,Muddy Waters,Rollin' Stone,188160
2023-12-03 14:22,Bill Frisell,Pipeline,426173
2023-12-03 14:26,Howlin' Wolf,Smokestack Lightnin',188400
2023-12-03 14:33,Frank Zappa,Eat That Question,400880
2023-12-03 14:41,Herbie Mann,Memphis Underground,429000
2023-12-03 14:46,Steely Dan,Doctor Wu,234640
2023-12-03 14:50,Eric Clapton,Riding With the King,264240
2023-12-03 14:54,Chet Atkins,Jam Man,199493
2023-12-03 15:07,Ultimate Spinach,Jazz Thing,3901
2023-12-03 19:49,T. Rex,Get It On,970
2023-12-03 19:49,Captain Beefheart & His Magic Band,Her Eyes Are a Blue Million Miles,4282
2023-12-03 19:53,Aerosmith,Sweet Emotion,274088
2023-12-03 19:53,Jerry Garcia,The Wheel,4346
2023-12-03 19:53,Keith Richards,Wicked As It Seems (2010 - Remaster),984
2023-12-03 19:58,Jimi Hendrix,All Along the Watchtower,3344
2023-12-03 19:58,Arlo Guthrie,Coming into Los Angeles - Remastered,186506
2023-12-03 19:58,The Rolling Stones,Sympathy For The Devil - 50th Anniversary Edition,1311
2023-12-03 20:00,Buffalo Springfield,Mr. Soul,172400
2023-12-03 20:11,Tangerine Dream,Stratosfear,635744
2023-12-03 20:19,Creedence Clearwater Revival,Ramble Tamble,431188
2023-12-03 20:24,Pink Floyd,San Tropez - 2011 Remastered Version,222853
2023-12-03 20:27,Love,Alone Again Or - 2015 Remaster,197274
2023-12-03 20:32,"Crosby, Stills, Nash & Young",Carry On,265933
2023-12-03 20:35,The Rolling Stones,"Have You Seen Your Mother, Baby, Standing In The Shadow? - Mono Version",154000
2023-12-03 20:39,The Rolling Stones,Doo Doo Doo Doo Doo (Heartbreaker),206466
2023-12-03 20:43,Arlo Guthrie,St. James Infirmary - Live,239626
2023-12-03 20:46,The Beatles,Tomorrow Never Knows - Remastered 2009,179546
2023-12-03 20:51,Paul McCartney,Nineteen Hundred And Eighty Five,331840
2023-12-03 20:58,Pink Floyd,One Of These Days - 2011 Remastered Version,355400
2023-12-03 21:02,Premiata Forneria Marconi,Celebration,233000
2023-12-03 21:05,The First Edition,Just Dropped In (To See What Condition My Condition Was In),201213
2023-12-03 21:11,Tangerine Dream,Betrayal (Sorcerer Theme),12316
2023-12-03 21:11,The Rolling Stones,Sittin' On A Fence,1523
2023-12-03 21:11,Pearl Jam,Immortality - Remastered,318066
2023-12-03 21:15,Masayoshi Takanaka,トーキョーレギー,260333
2023-12-03 21:19,The Rolling Stones,"Paint It, Black",202266
2023-12-03 21:26,Rush,Animate - 2004 Remaster,363440
2023-12-03 21:27,Grateful Dead,Dark Star - Single Version; 2001 Remaster,2132
2023-12-03 21:27,Jethro Tull,Aqualung,1038
2023-12-03 21:27,Creedence Clearwater Revival,Lookin' Out My Back Door,1072
2023-12-03 21:27,Jethro Tull,Cross-Eyed Mary,1459
2023-12-03 22:09,Bob Dylan,Subterranean Homesick Blues,2007
2023-12-04 06:07,The Style Council,Mick's Blessings,2835
2023-12-04 06:07,Herbie Mann,Memphis Underground,6072
2023-12-04 06:12,Strawberry Alarm Clock,Incense And Peppermints,1172
2023-12-04 06:12,Steely Dan,Don't Take Me Alive,256360
2023-12-04 06:12,Bob Dylan,Subterranean Homesick Blues,3825
2023-12-04 06:12,Ultimate Spinach,(BALLAD OF) THE HIP DEATH GODDESS,1487
2023-12-04 06:12,Jethro Tull,Cross-Eyed Mary,1245
2023-12-04 06:18,Frank Zappa,Apostrophe',349786
2023-12-04 06:21,Chet Atkins,Jam Man,199493
2023-12-04 06:25,Aerosmith,Sweet Emotion,274088
2023-12-04 06:32,Rush,Animate - 2004 Remaster,363440
2023-12-04 06:39,John McLaughlin,Peace One,438459
2023-12-04 07:04,John Coltrane,"A Love Supreme, Pt. I – Acknowledgement",462866
2023-12-04 07:13,Yusef Lateef,Like It Is - Remastered,452533
2023-12-04 07:19,Herbie Mann,The Butterfly in a Stone Garden,320746
2023-12-04 07:31,Pearl Jam,Immortality - Remastered,318066
2023-12-04 07:35,Rush,Leave That Thing Alone - 2004 Remaster,245826
2023-12-04 07:40,Yusef Lateef,Othelia - Remastered,275600
2023-12-04 07:44,Tangerine Dream,Cinnamon Road - 1995 Remaster,238933
2023-12-04 07:50,Masayoshi Takanaka,トーキョーレギー,260333
2023-12-04 07:52,Mose Allison,The Seventh Son,157226
2023-12-04 07:57,The Rolling Stones,Mess It Up,243687
2023-12-04 08:02,Pearl Jam,Corduroy - Remastered,277586
2023-12-04 08:06,The Rolling Stones,Sway - 2009 Mix,232533
2023-12-04 08:09,Mulatu Astatke,Mascaram Setaba - Stereo Master,167933
2023-12-04 08:09,Buffalo Springfield,Mr. Soul,1193
2023-12-04 08:09,Wings,Reception - Remastered 1993,6596
2023-12-04 08:12,Blind Faith,Can't Find My Way Home,196133
2023-12-04 08:12,Charlie Parker,Summertime,6679
2023-12-04 08:16,The Rolling Stones,You Got The Silver,170373
2023-12-04 08:16,Cream,Strange Brew,4096
2023-12-04 08:16,Mose Allison,Young Man's Blues,1494
2023-12-04 08:21,Blind Faith,Well All Right,266866
2023-12-04 08:31,Traffic,Light Up Or Leave Me Alone,4398
2023-12-04 11:19,Frédéric Chopin,"Chopin: Nocturne No. 20 in C-Sharp Minor, Op. Posth.",5489
2023-12-04 11:19,Aram Khachaturian,Gayane Suite No. 3: IV. Gayane's Adagio,7197
2023-12-04 11:20,Bill Frisell,Surfer Girl,46562
2023-12-04 11:23,Yusef Lateef,Buddy and Lou,192466
2023-12-04 11:26,Thelonious Monk,'Round Midnight,193840
2023-12-04 11:30,Jean-Luc Ponty,New Country,188640
2023-12-04 11:36,Miles Davis Quintet,It Never Entered My Mind,323186
2023-12-04 11:42,Billy Cobham,Red Baron,396666
2023-12-04 11:46,The Lounge Lizards,Do The Wrong Thing,162306
2023-12-04 11:49,Frank Zappa,Cletus Awreetus-Awrightus,176453
2023-12-04 11:54,Béla Fleck and the Flecktones,The Sinister Minister,276986
2023-12-04 11:58,Yusef Lateef,Juba Juba - Remastered,263173
2023-12-04 12:06,Charles Mingus,Better Git It in Your Soul,440840
2023-12-04 12:12,Miles Davis,Tomaas,335533
2023-12-04 12:16,Chet Atkins,Jam Man,199493
2023-12-04 12:21,Sun Ra,Enlightenment,301533
2023-12-04 12:30,Oliver Nelson,Stolen Moments,525613
2023-12-04 12:35,Kenny Burrell,Chitlins Con Carne,330440
2023-12-04 12:36,Mose Allison,Young Man's Blues,3969
2023-12-04 12:37,The Dave Brubeck Quartet,Blue Rondo à la Turk,1127
2023-12-04 12:40,Tom Waits,The Ghosts Of Saturday Night (After Hours At Napoleone's Pizza House),197040
2023-12-04 12:47,Yusef Lateef,Like It Is - Remastered,452533
2023-12-04 12:59,Wayne Shorter,Footprints - Remastered,20493
2023-12-04 14:47,Wayne Shorter,Footprints - Remastered,14823
2023-12-04 14:54,Wayne Shorter,Footprints - Remastered,414698
2023-12-04 14:55,Bill Frisell,Surfer Girl,21747
2023-12-04 14:58,Frank Zappa,Cletus Awreetus-Awrightus,2516
2023-12-04 14:58,Billy Cobham,Red Baron,16785
2023-12-04 14:58,Jean-Luc Ponty,New Country,188640
2023-12-04 15:02,Howlin' Wolf,Smokestack Lightnin',188400
2023-12-04 15:05,Muddy Waters,Rollin' Stone,188160
2023-12-04 15:06,The Style Council,Mick's Blessings,76800
2023-12-04 15:06,Mose Allison,Young Man's Blues,5564
2023-12-04 15:09,Chet Atkins,Jam Man,199493
2023-12-04 15:13,Tom Waits,The Ghosts Of Saturday Night (After Hours At Napoleone's Pizza House),197040
2023-12-04 15:17,Béla Fleck and the Flecktones,The Sinister Minister,276986
2023-12-04 15:18,Mahavishnu Orchestra,Miles Beyond,1564
2023-12-04 15:18,Bill Frisell,Pipeline,37909
2023-12-04 15:24,Santana,Song of the Wind,368200
2023-12-04 15:32,John McLaughlin,Peace One,438459
2023-12-04 15:37,Mulatu Astatke,Yèkèrmo Sèw,253386
2023-12-04 15:42,The Dave Brubeck Quartet,Take Five,324133
2023-12-04 15:45,Creedence Clearwater Revival,Travelin' Band,127493
2023-12-04 15:49,Creedence Clearwater Revival,Before You Accuse Me,206560
2023-12-04 15:56,Creedence Clearwater Revival,Ramble Tamble,431226
2023-12-04 15:59,Creedence Clearwater Revival,Fortunate Son,140773
2023-12-04 16:02,Creedence Clearwater Revival,Up Around The Bend - Live In Amsterdam 9-10-71,161786
2023-12-04 16:02,Creedence Clearwater Revival,Ooby Dooby,14239
2023-12-04 16:02,Creedence Clearwater Revival,Travelin' Band - Remake Take,1624
2023-12-04 16:05,Creedence Clearwater Revival,Bad Moon Rising,141600
2023-12-04 16:08,Creedence Clearwater Revival,Down On The Corner,166280
2023-12-04 16:11,Creedence Clearwater Revival,Up Around The Bend,159172
2023-12-04 16:14,Creedence Clearwater Revival,Run Through The Jungle,185106
2023-12-04 16:18,Creedence Clearwater Revival,Proud Mary,187213
2023-12-04 16:21,Creedence Clearwater Revival,Who'll Stop The Rain,147279
2023-12-04 16:34,Creedence Clearwater Revival,Have You Ever Seen The Rain,137617
2023-12-04 16:44,Triumvirat,The Capitol Of Power,193236
2023-12-04 16:45,Osanna,Stanza città,1224
2023-12-04 16:45,Triumvirat,Million Dollars - Edit / Digital Remaster,3576
2023-12-04 16:46,Premiata Forneria Marconi,Introduzione,69720
2023-12-04 16:46,Gentle Giant,Three Friends,19546
2023-12-04 16:47,Museo Rosenbach,Zarathustra- Al Di La Del Bene E,18467
2023-12-04 16:51,Premiata Forneria Marconi,Generale,258000
2023-12-04 17:02,Premiata Forneria Marconi,Il banchetto,11506
2023-12-04 18:21,Miles Davis,"Sanctuary (feat. Wayne Shorter, Bennie Maupin, John McLaughlin, Chick Corea, Joe Zawinul, Dave Holland & Harvey Brooks)",656426
2023-12-04 18:26,Miles Davis,"John McLaughlin (feat. Wayne Shorter, Bennie Maupin, John McLaughlin, Chick Corea, Joe Zawinul, Dave Holland & Harvey Brooks)",262706
2023-12-04 18:46,Miles Davis,Pharaoh's Dance,1204066
2023-12-04 18:47,Miles Davis,"Freddie Freeloader (feat. John Coltrane, Cannonball Adderley, Wynton Kelly & Paul Chambers)",14066
2023-12-04 18:47,Frédéric Chopin,"Chopin: Nocturne No. 20 in C-Sharp Minor, Op. Posth.",1101
2023-12-04 18:52,Aram Khachaturian,Gayane Suite No. 3: IV. Gayane's Adagio,296373
2023-12-04 18:55,Mason Williams,Classical Gas,184800
2023-12-04 19:14,Terry Riley,A Rainbow in the Curved Air - Instrumental,1119333
2023-12-04 19:17,Erik Satie,3 Gymnopédies: Gymnopedie No. 1,159333
2023-12-04 19:17,René Aubry,La grande cascade,15938
2023-12-04 19:20,Erik Satie,"Satie / Orch. Debussy: 3 Gymnopédies: No. 1, Lent et douloureux",184871
2023-12-04 19:36,Philip Glass,The Grid,896066
2023-12-04 19:47,Al Di Meola,"Mediterranean Sundance / Rio Ancho - Live at Warfield Theatre, San Francisco, CA - December 5, 1980",691306
2023-12-04 20:37,Miles Davis,Concierto de Aranjuez: Adagio,980506
2023-12-04 20:41,Stanley Myers,Cavatina,188666
2023-12-04 20:43,Terry Riley,M - Music I - Inside C - Curved E-Entrances,131213
2023-12-04 20:45,Paul Mauriat,Love Is Blue - Remastered,153613
2023-12-04 20:49,The Beach Boys,Lady Lynda - Remastered 2000,239240
2023-12-04 20:50,René Aubry,Salento,9987
2023-12-04 20:58,Bill Evans,Peace Piece,404160
2023-12-04 21:02,Ennio Morricone,"The Good, The Bad and The Ugly - Il Buono, Il Brutto, Il Cattivo (Titles)",162386
2023-12-04 21:04,Terry Riley,Long Bus Ride,102076
2023-12-04 21:08,Penguin Cafe Orchestra,Perpetuum Mobile,269800
2023-12-04 21:10,Paco de Lucía,Rodrigo: Concierto De Aranjuez: 2. Adagio,105039
2023-12-04 21:14,Masayoshi Takanaka,蜃気楼の島へ,218000
2023-12-04 21:23,Masayoshi Takanaka,TROPIC BIRDS,530000
2023-12-04 21:26,Masayoshi Takanaka,トーキョーレギー,203962
2023-12-04 21:27,Masayoshi Takanaka,GOOD (BAD?) OLD DAYS,24158
2023-12-04 21:31,Masayoshi Takanaka,Chill Me Out,277000
2023-12-04 21:36,Masayoshi Takanaka,E. S. P.,251000
2023-12-04 21:36,Masayoshi Takanaka,SEXY DANCE,21783
2023-12-04 21:54,Shigeru Suzuki,コーラル・リーフ,3221
2023-12-05 06:10,Jean-Luc Ponty,New Country,184216
2023-12-05 06:12,Soft Machine,"Odds Bullets and Blades, Pt. I",138813
2023-12-05 06:20,Frank Zappa,Blessed Relief,479186
2023-12-05 06:23,Jeff Beck,Head for Backstage Pass,164173
2023-12-05 06:27,Frank Zappa,Regyptian Strut,253026
2023-12-05 06:30,Hatfield & The North,Going Up To People And Tinkling,145640
2023-12-05 06:32,Jean-Luc Ponty,Imaginary Voyage - Pt. I,142066
2023-12-05 06:34,Bill Bruford,One Of A Kind - Part One,140600
2023-12-05 06:36,Soft Machine,The Man Who Waved At Trains - 2022 Remaster,110960
2023-12-05 06:41,Frank Zappa,Zoot Allures,256186
2023-12-05 06:44,Focus,Janis,73028
2023-12-05 06:47,Focus,Moving Waves,162586
2023-12-05 07:10,Focus,Eruption,1382360
2023-12-05 07:14,Focus,Early Birth,173800
2023-12-05 07:21,Focus,Hocus Pocus - Extended Version,402560
2023-12-05 07:25,Focus,Sylvia,211733
2023-12-05 07:28,Focus,Love Remembered,169400
2023-12-05 07:31,Focus,Le Clochard,120986
2023-12-05 07:35,Focus,Focus II,243666
2023-12-05 07:39,Focus,Mother Focus,184693
2023-12-05 07:42,Focus,Janis,188106
2023-12-05 07:46,Focus,Hocus Pocus - Original Single Version,192261
2023-12-05 07:46,Focus,Delitae Musicae,229
2023-12-05 07:48,East Of Eden,Habibi Baby,41291
2023-12-05 08:02,East Of Eden,Leaping Beauties for Rudy,94561
2023-12-05 08:06,East Of Eden,Isadora,272786
2023-12-05 08:15,East Of Eden,Gum Arabic,497386
2023-12-05 08:21,East Of Eden,Nymphenburger,375693
2023-12-05 08:25,East Of Eden,Uno Transito Clapori,11488
2023-12-05 08:25,East Of Eden,Communion,242653
2023-12-05 08:28,Sadja,Sadja,172426
2023-12-05 08:29,Embryo,Eva's Zimmer,49013
2023-12-05 08:32,Embryo,Imelaku 1,150680
2023-12-05 08:37,Embryo,Revolution - Remastered,275573
2023-12-05 08:41,Embryo,Gnawa Taxi,192587
2023-12-05 08:45,Graham Nash,Better Days,230173
2023-12-05 08:45,Grateful Dead,Box of Rain - 2013 Remaster,841
2023-12-05 08:45,Grateful Dead,Morning Dew - 2013 Remaster,3652
2023-12-05 08:45,Pink Floyd,Wots ... Uh The Deal - 2011 Remastered Version,4731
2023-12-05 08:48,The Beatles,Norwegian Wood (This Bird Has Flown) - Remastered 2009,124693
2023-12-05 08:58,Love,Alone Again Or - 2015 Remaster,5580
2023-12-05 10:43,East Of Eden,Gum Arabic,1530
2023-12-05 10:54,Miles Davis,"Spanish Key (feat. Wayne Shorter, Bennie Maupin, John McLaughlin, Chick Corea, Joe Zawinul, Dave Holland & Harvey Brooks)",43797
2023-12-05 11:23,Miles Davis,"Spanish Key (feat. Wayne Shorter, Bennie Maupin, John McLaughlin, Chick Corea, Joe Zawinul, Dave Holland & Harvey Brooks)",3879
2023-12-05 11:23,Pink Floyd,Fearless - 2011 Remastered Version,2794
2023-12-05 11:31,Ultimate Spinach,(BALLAD OF) THE HIP DEATH GODDESS,494933
2023-12-05 11:41,Yes,Siberian Khatru - 2003 Remaster,532946
2023-12-05 11:46,Kaleidoscope,Egyptian Garden,1352
2023-12-05 11:46,Jethro Tull,Teacher - Single Mix; 2001 Remaster,3633
2023-12-05 11:46,The Rolling Stones,Moonlight Mile - 2009 Mix,1237
2023-12-05 11:46,T. Rex,Get It On,262613
2023-12-05 11:46,The Doors,The Crystal Ship,1022
2023-12-05 11:52,Peter Green,Slabo Day,309160
2023-12-05 11:57,Premiata Forneria Marconi,Generale,258000
2023-12-05 11:59,Fleetwood Mac,Never Going Back Again - 2004 Remaster,134400
2023-12-05 12:01,The Rolling Stones,Jumpin' Jack Flash,35423
2023-12-05 12:06,Fabrizio De André,Andrea - Live in Genova 03/01/1979,341773
2023-12-05 12:08,Premiata Forneria Marconi,Impressioni di settembre,56634
2023-12-05 12:11,Premiata Forneria Marconi,Worlds Beyond - English version,197560
2023-12-05 12:20,Premiata Forneria Marconi,Il banchetto,519333
2023-12-05 12:26,Premiata Forneria Marconi,È festa,292346
2023-12-05 12:33,Premiata Forneria Marconi,Appena un po',463826
2023-12-05 12:36,Premiata Forneria Marconi,Per un amico,127029
2023-12-05 12:43,King Crimson,Red,375748
2023-12-05 12:56,King Crimson,Starless,744568
2023-12-05 12:56,King Crimson,Providence,8593
2023-12-05 13:08,King Crimson,"Moonchild - Including ""The Dream"" and ""The Illusion""",732807
2023-12-05 13:16,King Crimson,One More Red Nightmare,430078
2023-12-05 13:17,King Crimson,Starless (live in Central Park) [Bonus Track],9333
2023-12-05 13:17,King Crimson,Improv: Providence (full version) [Bonus Track],1195
2023-12-05 13:17,King Crimson,Book Of Saturday,13520
2023-12-05 13:21,Mahavishnu Orchestra,Cosmic Strut,208097
2023-12-05 13:26,Frank Zappa,It Must Be A Camel,317226
2023-12-05 13:30,Frank Zappa,Sleep Dirt,200760
2023-12-05 13:41,Miles Davis,Miles Runs the Voodoo Down,53507
2023-12-05 14:15,Miles Davis,Miles Runs the Voodoo Down,1173
2023-12-05 14:15,Masayoshi Takanaka,蜃気楼の島へ,74455
2023-12-05 14:18,Masayoshi Takanaka,蜃気楼の島へ,143607
2023-12-05 14:23,Masayoshi Takanaka,トーキョーレギー,260333
2023-12-05 14:24,Masayoshi Takanaka,TROPIC BIRDS,43533
2023-12-05 14:34,Masayoshi Takanaka,BRASILIAN SKIES,19372
2023-12-05 15:39,Premiata Forneria Marconi,È festa,292346
2023-12-05 15:42,Soft Machine,Joy Of A Toy,169546
2023-12-05 15:44,Frank Zappa,Father O'Blivion,137653
2023-12-05 15:50,Premiata Forneria Marconi,Generale,258000
2023-12-05 16:02,King Crimson,Starless,744568
2023-12-05 16:17,Miles Davis,Miles Runs the Voodoo Down,841746
2023-12-05 16:25,Frank Zappa,Sleep Dirt,1263
2023-12-05 16:25,King Crimson,"Moonchild - Including ""The Dream"" and ""The Illusion""",1060
2023-12-05 16:25,Colosseum,Butty's Blues,403866
2023-12-05 16:25,Miles Davis,"Spanish Key (feat. Wayne Shorter, Bennie Maupin, John McLaughlin, Chick Corea, Joe Zawinul, Dave Holland & Harvey Brooks)",1624
2023-12-05 16:25,Mahavishnu Orchestra,Cosmic Strut,3969
2023-12-05 16:32,Focus,Hocus Pocus - Extended Version,402560
2023-12-05 16:33,John McLaughlin,Don't Let The Dragon Eat Your Mother,4800
2023-12-05 16:42,King Crimson,One More Red Nightmare,430078
2023-12-05 16:43,Gong,Captain Capricorns Dream Saloon Radio Gnome Invisible,13854
2023-12-05 16:56,East Of Eden,Isadora,272786
2023-12-05 17:04,King Crimson,In The Wake Of Poseidon,476866
2023-12-05 17:08,Sadja,Sadja,172426
2023-12-05 17:28,Miles Davis,Pharaoh's Dance,1204066
2023-12-05 17:34,Ginger Baker,Brain Damage,289333
2023-12-05 17:40,East Of Eden,Nymphenburger - Remastered 1985,374906
2023-12-05 17:44,King Crimson,Fallen Angel,1412
2023-12-05 17:50,35007,Herd,344693
2023-12-05 17:54,35007,Vein,291106
2023-12-05 17:58,35007,Soulmachine,240440
2023-12-05 18:02,King Crimson,Starless,1766
2023-12-05 18:02,Sadja,Sadja,3994
2023-12-05 18:02,35007,Undo,19756
2023-12-05 18:02,35007,2225,133030
2023-12-05 18:19,Colosseum,The Valentyne Suite: January's Search / February's Valentyne / The Grass Is Always Greener,1012960
2023-12-05 18:20,Gong,Captain Capricorns Dream Saloon Radio Gnome Invisible,28983
2023-12-05 18:25,East Of Eden,Isadora,272786
2023-12-05 18:31,King Crimson,Fallen Angel,363155
2023-12-05 18:32,Frank Zappa,Father O'Blivion,7976
2023-12-05 18:35,Jean-Luc Ponty,New Country,188640
2023-12-05 18:39,Masayoshi Takanaka,蜃気楼の島へ,218000
2023-12-05 18:46,Focus,Hocus Pocus - Extended Version,402560
2023-12-05 18:51,Focus,Focus II,243666
2023-12-05 18:54,Premiata Forneria Marconi,Worlds Beyond - English version,197560
2023-12-05 19:03,King Crimson,In The Wake Of Poseidon,476866
2023-12-05 19:06,Focus,Janis,188106
2023-12-05 19:13,King Crimson,One More Red Nightmare,430078
2023-12-05 19:15,The Electric Prunes,I Had Too Much to Dream (Last Night),26832
2023-12-05 19:15,The Zombies,Road Runner,3469
2023-12-05 19:15,Colosseum,The Valentyne Suite: January's Search / February's Valentyne / The Grass Is Always Greener,11084
2023-12-05 19:20,Blind Faith,Presence Of The Lord,287426
2023-12-05 19:25,Jimi Hendrix,"Changes - Live At Fillmore East, 1970 / 50th Anniversary",311933
2023-12-05 19:32,Quicksilver Messenger Service,Fresh Air - Remastered,319586
2023-12-05 19:37,Blind Faith,Sea Of Joy,321800
2023-12-05 19:48,Jimi Hendrix,"Who Knows - Live At Fillmore East, 1970 / 50th Anniversary",576360
2023-12-05 19:52,Traffic,Light Up Or Leave Me Alone,288093
2023-12-05 21:01,Masayoshi Takanaka,TROPIC BIRDS,79257
2023-12-05 21:07,Masayoshi Takanaka,憧れのセーシェル諸島,368013
2023-12-05 21:08,Masayoshi Takanaka,サヨナラ・・・・・・FUJIさん,18517
2023-12-05 21:12,Masayoshi Takanaka,E. S. P.,251000
2023-12-05 21:15,Masayoshi Takanaka,OH! TENGO SUERTE,114219
2023-12-05 21:15,Udo Lindenberg,Komet,13330
2023-12-05 21:15,Miley Cyrus,Flowers,13384
2023-12-05 21:15,Eminem,Mockingbird,8387
2023-12-05 21:16,Peter Fox,Zukunft Pink (feat. Inéz),14405
2023-12-05 21:16,Apache 207,Breaking your heart,22228
2023-12-05 21:22,Creedence Clearwater Revival,Lookin' Out My Back Door,3564
2023-12-05 21:29,Jasper van't Hofs Pili Pili,Pili Pili - New Version,427160
2023-12-05 21:30,The Unknown Cases,Masimbabele,5966
2023-12-05 21:30,Jasper van't Hofs Pili Pili,Fingerlips,944
2023-12-05 21:30,Jasper van't Hofs Pili Pili,Be In Two Minds,2586
