artist,track
Jefferson Airplane,White Rabbit
The Byrds,Eight Miles High
"Crosby, Stills, Nash & Young",Ohio
Grateful Dead,Sugar Magnolia - 2013 Remaster
Grateful Dead,Alabama Getaway - 2013 Remaster
Grateful Dead,Terrapin Station Medley - 2014 Remaster
CAN,I'm so Green
Jim Morrison,Ghost Song
CAN,Dizzy Dizzy
Dissidenten,Shadows Go Arab
Dissidenten,Broken Moon (30 Trillion & Mix)
Dissidenten,Shake the Sheikh
Tom Petty and the Heartbreakers,American Girl
Led Zeppelin,Ramble On - 1990 Remaster
Talking Heads,Radio Head - 2005 Remaster
Talking Heads,What a Day That Was - Live; Edit
Talking Heads,The Good Thing - 2005 Remaster
Free,Songs Of Yesterday
Miles Davis Quintet,Easy Living
Sun Ra,"Take the 'A' Train - Solo Piano, 1977"
Vangelis,The Tao Of Love
CAN,Thief
The First Edition,Just Dropped In (To See What Condition My Condition Was In)
Buffalo Springfield,Mr. Soul
Talking Heads,Moon Rocks - 2005 Remaster
Hamid Baroudi,Song for Boudiaf
Talking Heads,Crosseyed and Painless - 2005 Remaster
Talking Heads,The Big Country - 2005 Remaster
Vangelis,Alpha
The Beatles,You've Got To Hide Your Love Away - Remastered 2009
The Beatles,Ticket To Ride - Remastered 2009
The Beatles,Till There Was You - Remastered 2009
The Beatles,I've Just Seen A Face - Remastered 2009
The Beatles,In My Life - Remastered 2009
The Beatles,"Here, There And Everywhere - Remastered 2009"
The Rolling Stones,Wild Horses - 2009 Mix
The Rolling Stones,Love Is Strong - Remastered 2009
The Rolling Stones,Jumpin' Jack Flash
The Rolling Stones,You Can't Always Get What You Want
The Rolling Stones,She's A Rainbow
The Rolling Stones,Mother's Little Helper
The Rolling Stones,Anybody Seen My Baby? - Remastered 2009
The Rolling Stones,Loving Cup
The Rolling Stones,Angie - Remastered 2009
B.B. King,Paying The Cost To Be The Boss
The Rolling Stones,Ventilator Blues
The Rolling Stones,Dead Flowers - 2009 Mix
The Rolling Stones,Route 66
The Rolling Stones,Street Fighting Man - 50th Anniversary Edition
The Rolling Stones,Miss You - Remastered
The Rolling Stones,Let's Spend The Night Together
The Rolling Stones,Tumbling Dice - 2009 Mix
The Rolling Stones,Doo Doo Doo Doo Doo (Heartbreaker)
The Rolling Stones,Start Me Up - Remastered 2009
The Rolling Stones,Ruby Tuesday
The Rolling Stones,Let It Bleed
The Rolling Stones,Waiting On A Friend - Remastered 2009
The Rolling Stones,Sweet Virginia
The Rolling Stones,Shine A Light
Pearl Jam,Even Flow
Pearl Jam,Go - Remastered
Pearl Jam,Yellow Ledbetter
Pearl Jam,Retrograde
Pearl Jam,Alive
The Who,Slip Kid
The Who,It's A Boy
The Who,Getting In Tune
The Who,1921
The Who,Quadrophenia
The Who,I'm One
The Who,"Imagine A Man - Live At Wembley, UK / 2019"
The Who,I Can See For Miles - Mono Version
The Who,Magic Bus - Mono Edit
The Who,Anyway Anyhow Anywhere - Stereo Version
The Who,Pictures Of Lily
The Who,You Better You Bet
The Dave Brubeck Quartet,Take Five
Nina Simone,Sinnerman
Miles Davis,Blue in Green (feat. John Coltrane & Bill Evans)
Aerosmith,Sweet Emotion
The Rolling Stones,(I Can't Get No) Satisfaction - Mono Version
Led Zeppelin,Immigrant Song - Remaster
The Rolling Stones,Sympathy For The Devil - 50th Anniversary Edition
The Rolling Stones,Beast Of Burden - Remastered 1994
Jimi Hendrix,All Along the Watchtower
Fleetwood Mac,Never Going Back Again - 2004 Remaster
Simon & Garfunkel,The Only Living Boy in New York
"Crosby, Stills, Nash & Young",Teach Your Children
Paul Simon,50 Ways to Leave Your Lover
"Crosby, Stills, Nash & Young",Our House
The Beatles,Norwegian Wood (This Bird Has Flown) - Remastered 2009
Led Zeppelin,Going to California - Remaster
Bob Dylan,Tangled up in Blue
Talking Heads,Wild Wild Life - 2005 Remaster
Talking Heads,Mind - 2005 Remaster
Talking Heads,Psycho Killer - 2005 Remaster
Talking Heads,Genius of Love (Tom Tom Club) - Live
Talking Heads,Houses in Motion - 2005 Remaster
Talking Heads,Love for Sale - 2005 Remaster
Talking Heads,The Girl Wants to Be with the Girls - 2005 Remaster
Talking Heads,Sugar on My Tongue - 2005 Remaster
Talking Heads,I Zimbra - 2005 Remaster
Talking Heads,Air - 2005 Remaster
Talking Heads,Heaven - Live
Talking Heads,Artists Only - 2005 Remaster
Talking Heads,Memories Can't Wait - 2005 Remaster
King Crimson,The Sheltering Sky
King Crimson,Indiscipline
The Kinks,Living on a Thin Line
King Crimson,Fallen Angel
Talking Heads,Making Flippy Floppy - 2005 Remaster
Talking Heads,"Uh-Oh, Love Comes to Town - 2005 Remaster"
Talking Heads,Love → Building on Fire - 2005 Remaster
Talking Heads,Perfect World - 2005 Remaster
Talking Heads,The Great Curve - 2005 Remaster
Cheb Tahar,Ti sbabi
Faces,Ooh La La
James Taylor,Fire and Rain - 2019 Remaster
"Crosby, Stills & Nash",Helplessly Hoping - 2005 Remaster
"Crosby, Stills, Nash & Young",4 + 20
Grateful Dead,Truckin' - 2013 Remaster
The Band,The Weight - Remastered 2000
Jim Croce,I Got a Name - Stereo Version
Paul Simon,Me and Julio Down by the Schoolyard
Led Zeppelin,Since I've Been Loving You - Remaster
Genesis,Turn It On Again - Remastered 2007
Frank Zappa,Peaches En Regalia
King Crimson,Cadence and Cascade
King Crimson,One More Red Nightmare
King Crimson,"Moonchild - Including ""The Dream"" and ""The Illusion"""
King Crimson,In The Wake Of Poseidon
King Crimson,Red
King Crimson,Peace - A Theme
Jethro Tull,The Witch's Promise
Jethro Tull,Songs from the Wood - 2003 Remaster
Jethro Tull,The Poet and the Painter - Steven Wilson Stereo Remix
The Rolling Stones,Gimme Shelter
35007,2225
35007,Water
35007,The Elephant Song
35007,0618
Mick Jagger,Old Habits Reprise
Mick Jagger,"Strange Game - From The ATV+ Original Series ""Slow Horses”"
Mick Jagger,Lonely At The Top
Michael Jackson,Beat It / State of Shock - Immortal Version
Mick Jagger,Kow Tow
will.i.am,T.H.E (The Hardest Ever)
Mick Jagger,If Things Could Be Different
Mick Jagger,Charmed Life
Mick Jagger,Visions Of Paradise
Brad Paisley,Drive of Shame (feat. Mick Jagger)
Mick Jagger,Let's Work
Mick Jagger,Wired All Night
Mick Jagger,Mick Jagger's And John Lennon's Introduction Of The Dirty Mac - Remastered 2018
Mick Jagger,Let's Make It Up
Mick Jagger,Hard Woman
Mick Jagger,Evening Gown
Mick Jagger,Sweet Thing
Mick Jagger,"Blind Leading The Blind - Acoustic Version / Live From Abbey Road,United Kingdom/2004"
Mick Jagger,Checkin' Up On My Baby
Mick Jagger,Memo From Turner
Mick Jagger,Primitive Cool
Mick Jagger,Hide Away
Mick Jagger,Counting The Days
Mick Jagger,Use Me
Mick Jagger,Don't Call Me Up
Mick Jagger,Old Habits Die Hard
Mick Jagger,Just Another Night
David Bowie,Dancing in the Street - 2002 Remaster
Buddy Guy,You Did The Crime (feat. Mick Jagger)
Mick Jagger,Gotta Get A Grip - Kevin Parker Remix
The Chieftains,The Long Black Veil (with Mick Jagger)
Mick Jagger,God Gave Me Everything
Mick Jagger,Brand New Set Of Rules
Mick Jagger,Secrets
Mick Jagger,1/2 A Loaf
The Jacksons,State of Shock
Hamid Baroudi,Trance Dance - DJ Krush Remix
Raïna Raï,Maghreb
Djamel Laroussi,Etoile filante - Pt. II
Jethro Tull,Teacher - Single Mix; 2001 Remaster
Jethro Tull,Broadsword - 2005 Remaster
Jimi Hendrix,Hey Joe
King Crimson,"Nuages (That Which Passes, Passes Like Clouds)"
King Crimson,One Time
King Crimson,Model Man
King Crimson,Lady of the Dancing Water
King Crimson,Eyes Wide Open
King Crimson,Three of a Perfect Pair
King Crimson,The Talking Drum
King Crimson,Book Of Saturday
King Crimson,Dinosaur
King Crimson,The Night Watch
King Crimson,I Talk To The Wind
King Crimson,I Talk To The Wind - From: The Young Person's Guide To King Crimson 1976
King Crimson,We'll Let You Know
King Crimson,Inner Garden I
King Crimson,Indoor Games
King Crimson,The Great Deceiver
King Crimson,"Epitaph - Including ""March for No Reason"" and ""Tomorrow and Tomorrow"""
King Crimson,Ladies of the Road
King Crimson,Sailor's Tale
King Crimson,Cirkus (including Entry of the Chameleons)
King Crimson,Coda Marine 475
Talking Heads,Born Under Punches (The Heat Goes On) - 2005 Remaster
Talking Heads,Paper
Talking Heads,Pull up the Roots - 2005 Remaster
Talking Heads,Girlfriend Is Better - 2005 Remaster
Talking Heads,Listening Wind - 2005 Remaster
King Crimson,"21st Century Schizoid Man - Including ""Mirrors"""
King Crimson,A Man A City [Bonus Track] - Live At the Fillmore West
King Crimson,The Letters
King Crimson,Easy Money
King Crimson,Exiles
King Crimson,Inner Garden I
King Crimson,Inner Garden II
King Crimson,Prelude - Song Of The Gulls
King Crimson,Starless
King Crimson,Formentera Lady
King Crimson,Two Hands
King Crimson,Larks' Tongues In Aspic (Part I)
King Crimson,Providence
Herbie Hancock,Watermelon Man
Frank Zappa,Cosmik Debris
Masayoshi Takanaka,トーキョーレギー
CASIOPEA,ティアーズ・オブ・ザ・スター
Al Di Meola,"Mediterranean Sundance / Rio Ancho - Live at Warfield Theatre, San Francisco, CA - December 5, 1980"
Keith Jarrett,'Long As You Know You're Living Yours
Steely Dan,Doctor Wu
Frank Zappa,Uncle Remus
Steely Dan,Aja
Camel,The Snow Goose
Jeff Beck,Goodbye Pork Pie Hat
Jeff Beck,She's a Woman
Camel,Rhayader
Frank Zappa,Zoot Allures
Masayoshi Takanaka,E. S. P.
Masayoshi Takanaka,MALIBU
Traffic,Rock 'N' Roll Stew
Camel,Supertwister
Yes,Siberian Khatru - 2003 Remaster
Frank Zappa,Watermelon In Easter Hay
Herbie Hancock,Chameleon
Weather Report,Birdland
Jaco Pastorius,Chicken
Weather Report,Teen Town
Masayoshi Takanaka,蜃気楼の島へ
Camel,Migration
CASIOPEA,タイム・リミット
Jean-Luc Ponty,Don't Let the World Pass You By
Grateful Dead,The Golden Road - 2013 Remaster
Elton John,Amoreena
Grateful Dead,Scarlet Begonias - 2013 Remaster
Masayoshi Takanaka,SEXY DANCE
Masayoshi Takanaka,OH! TENGO SUERTE
Shigeru Suzuki,コーラル・リーフ
稲垣次郎とソウル・メディア,ペインテッド・パラダイス
Jasper van't Hofs Pili Pili,Pili Pili
Jean-Michel Jarre,"Oxygene, Pt. 4"
Jasper van't Hofs Pili Pili,Be In Two Minds
Jasper van't Hofs Pili Pili,Hoomba-Hoomba
Peter Green,Slabo Day
The Alan Parsons Project,Pipeline - Instrumental
The Velvet Underground,Oh! Sweet Nuthin' - 2015 Remaster
The Velvet Underground,I'm Waiting For The Man
Television,Marquee Moon
CAN,Moonshake
The Zombies,Time of the Season - Mono Version
Cream,I Feel Free
The Velvet Underground,Sunday Morning
The Stooges,I Wanna Be Your Dog - 2019 Remaster
CAN,Mother Sky
Simple Minds,Theme For Great Cities
Jasper van't Hofs Pili Pili,N'Dairaby
Deodato,Also Sprach Zarathustra
Talk Talk,Happiness Is Easy - 1997 Remaster
Jasper van't Hofs Pili Pili,Whitewash
Anne Clark,Our Darkness
Fehlfarben,Ein Jahr (Es geht voran)
Jasper van't Hofs Pili Pili,Postscriptum
The Alan Parsons Project,Mammagamma - Instrumental
Premiata Forneria Marconi,La carrozza di Hans
Premiata Forneria Marconi,Celebration
Masayoshi Takanaka,SUNDROPS
Stanley Clarke,School Days
Masayoshi Takanaka,BREEZIN'
Jasper van't Hofs Pili Pili,Pili Pili - New Version
Raïna Raï,Zina
Cheikha Rimitti,AOULIDI
Djamel Laroussi,Ahoualik
Cheikha Rimitti,NAKHLA
Raïna Raï,Zahri Ouine
Hamid El Kasri,Ya moulana
Lemchaheb,Maskhaou befraki
Jil Jilala,Al Aar Abouya
Hamid Baroudi,Sidi
Hoba Hoba Spirit,Gnawa Blues
Raïna Raï,Chabba
Lamchaheb,Eddenya
Hamid Baroudi,African Soul
John Scofield,A Go Go
Jean-Luc Ponty,Mirage
Masayoshi Takanaka,AN INSATIABLE HIGH
Masayoshi Takanaka,SAMBA PATI
Jefferson Airplane,Rejoyce
Shigeru Suzuki,パッション・フラワー
Khaled,Liah Liah
Jil Jilala,Kouna Kountou
Hamid El Kasri,Al Wali
Khaled,El Marsem
Raïna Raï,Chouli - Live
CASIOPEA,"ドミノ・ライン - Live at Chuo Kaikan Hall, Tokyo, Feb. 1982"
Hank Mobley,Dig Dis - Remastered 1999/Rudy Van Gelder Edition
Jimmy Smith,The Champ
Sonny Clark,Cool Struttin'
The Pretty Things,"She Was Tall, She Was High"
The Pretty Things,S.F. Sorrow Is Born
The Pretty Things,Don't Bring Me Down - Remastered
The Pretty Things,She Says Good Morning
The Pretty Things,She's a Lover
The Pretty Things,Midnight To Six Man
Aerosmith,Walk This Way
Jethro Tull,Aqualung
Talking Heads,Road to Nowhere - 2005 Remaster
Ultimate Spinach,EGO TRIP
Ultimate Spinach,Baroque #1
Ultimate Spinach,SACRIFICE OF THE MOON
Ultimate Spinach,Visions of Your Reality
Ultimate Spinach,Baroque Dances
Ultimate Spinach,Mind Flowers
Jefferson Airplane,Today
Pink Floyd,See Emily Play - 1996 Remastered Version
Jasper van't Hofs Pili Pili,One Mind
Michael Rother,Sonnenrad
Pat Metheny Group,Are You Going With Me?
Volker Kriegel,Zoom
Jasper van't Hofs Pili Pili,Marabout
Jasper van't Hofs Pili Pili,Fingerlips
Cheikha Rimitti,MATAHAGROUHACH
Raïna Raï,Rani M'Hayar
Blue Öyster Cult,(Don't Fear) The Reaper
Led Zeppelin,No Quarter - Remaster
Jeff Beck,You Know What I Mean
Cream,White Room
Pink Floyd,Breathe (In The Air) - 2011 Remastered Version
Gábor Szabó,Gypsy Queen
Wayne Shorter,Ponta de Areia
Sun Ra,Plutonian Nights
Miles Davis,"Miles Runs the Voodoo Down (feat. Wayne Shorter, Bennie Maupin, John McLaughlin, Chick Corea, Joe Zawinul, Dave Holland & Harvey Brooks)"
Buffalo Springfield,Hot Dusty Roads
Vanilla Fudge,The Sky Cried - When I Was a Boy - 2006 Remaster
Vanilla Fudge,a) Take Me For A Little While b) RYFI (Illusions Of My Childhood-Part Three)
Vanilla Fudge,She's Not There
Curved Air,"Intro / Back Street Luv - Bilzen Jazz Festival Vlaams, Belgium - VRT, August 1971"
Yes,Mood for a Day - 2003 Remaster
Al Di Meola,Flight Over Rio
Premiata Forneria Marconi,Generale
Yes,And You and I - 2003 Remaster
Fabrizio De André,Andrea - Live in Genova 03/01/1979
Chris Squire,Lucky Seven
Premiata Forneria Marconi,È festa
Aphrodite's Child,The Four Horsemen
Billy Cobham,Red Baron
Weather Report,Black Market
Eagles,Journey of the Sorcerer - 2013 Remaster
Premiata Forneria Marconi,Appena un po'
Curved Air,Marie Antoinette
Curved Air,Vivaldi
Paul Desmond,Take Ten
Eddie Harris,Compared to What - Live
Herbie Hancock,Cantaloupe Island - Remastered 1999/Rudy Van Gelder Edition
Ornette Coleman,Ramblin'
Wes Montgomery,A Day In The Life
Lee Morgan,Totem Pole - Remastered 1999/Rudy Van Gelder Edition
Ornette Coleman,Lonely Woman
Sun Ra,Space is the Place
Sun Ra,Where Pathways Meet - Remastered
Weather Report,American Tango
Sun Ra,Angels and Demons at Play
Alice Coltrane,Journey In Satchidananda
Sun Ra,Nuclear War
Jasper van't Hofs Pili Pili,Lon Lon
Jasper van't Hofs Pili Pili,Ilé
The Doors,Peace Frog
Neil Young,Mr. Soul
Captain Beefheart & His Magic Band,Her Eyes Are a Blue Million Miles
Arlo Guthrie,Coming into Los Angeles - Remastered
T. Rex,Mambo Sun
The Mothers Of Invention,"Hungry Freaks, Daddy"
Dennis Wilson,Pacific Ocean Blues
The Byrds,Mr. Spaceman
Cream,Tales Of Brave Ulysses
George Harrison,Wah-Wah - 2014 Remaster
Jerry Garcia,The Wheel
The Velvet Underground,Rock & Roll - Full Length Version; 2015 Remaster
The Clash,Charlie Don't Surf - Remastered
Jerry Garcia Band,Cats Under The Stars
Quicksilver Messenger Service,Fresh Air - Remastered
The Flying Burrito Brothers,Lazy Days
Love,Alone Again Or - 2015 Remaster
The Beach Boys,Feel Flows - Remastered 2009
Paul McCartney,Nineteen Hundred And Eighty Five - 2010 Remaster
Syd Barrett,Gigolo Aunt
Van Morrison,Astral Weeks - 1999 Remaster
13th Floor Elevators,You're Gonna Miss Me (2008 Remastered Original Mono LP Version)
Captain Beefheart & His Magic Band,"Sure 'Nuff 'n' Yes, I Do"
Jimi Hendrix,Born Under a Bad Sign
Greta Van Fleet,When The Curtain Falls
Led Zeppelin,Ten Years Gone - Remaster
Television,Days - 2003 Remaster
Television,1880 Or So
Television,Little Johnny Jewel - Parts 1 & 2
Khaled,Oran Marseille - Oran Mix
Raïna Raï,Hamama
Rush,Tom Sawyer
Hamid El Gnawi,Foufoudanba
Djamel Laroussi,Kifach Hilti
Khaled,Didi
Rachid Taha,Joséphine
Dissidenten,Fata Morgana
Gnawa Diffusion,Ombre elle
Cheikha Rimitti,N'TA GOUDAMI
Traffic,Walking In The Wind
Simon & Garfunkel,Leaves That Are Green
Traffic,Medicated Goo
Simon & Garfunkel,Flowers Never Bend with the Rainfall
John Lennon,Nobody Loves You (When You're Down And Out) - Remastered 2010
Simon & Garfunkel,Bleecker Street
Ten Years After,Let the Sky Fall - 2004 Remaster
LCD Soundsystem,Home
The Alan Parsons Project,Mammagamma - Instrumental
Jerry Garcia,Loser
Grateful Dead,Althea - 2013 Remaster
Grateful Dead,Franklin's Tower - 2013 Remaster
Grateful Dead,"Wharf Rat - Live at Fillmore East, New York, NY, April 26, 1971"
Grateful Dead,Shakedown Street - 2013 Remaster
Grateful Dead,Touch of Grey - 2013 Remaster
Grateful Dead,Estimated Prophet - 2014 Remaster
Grateful Dead,"Bertha - Live at Fillmore East, New York, NY, April 27, 1971"
Frank Zappa,Inca Roads
Steely Dan,Any Major Dude Will Tell You
"Crosby, Stills, Nash & Young",Carry On
The Beatles,A Day In The Life - Remastered 2009
Steely Dan,Don't Take Me Alive
Bob Dylan,Subterranean Homesick Blues
"Crosby, Stills, Nash & Young",Almost Cut My Hair
Grateful Dead,Unbroken Chain - 2013 Remaster
Nick Drake,Pink Moon
Allman Brothers Band,Jessica
George Harrison,What Is Life - 2014 Remaster
Grateful Dead,Morning Dew - 2013 Remaster
Tom Waits,Jockey Full Of Bourbon
Spirit,Fresh-Garbage
Pink Floyd,Wots ... Uh The Deal - 2011 Remastered Version
Steely Dan,Only A Fool Would Say That
"Crosby, Stills, Nash & Young",Wooden Ships
Bob Dylan,Hurricane
The Rolling Stones,Sister Morphine - 2009 Mix
René Aubry,"The Desert, Pt. 2"
René Aubry,The Woman and the Tree
René Aubry,Salento
Hamid Baroudi,Desert Roots
Cheb Mami,Haoulou
Hamid Baroudi,Fatima
Ron Trent,Sphere
Jean-Luc Ponty,"Mystical Adventures (Suite), Pt. IV"
Jean-Luc Ponty,Dreamy Eyes
Jean-Luc Ponty,"Enigmatic Ocean, Pt. I"
Allman Brothers Band,Blue Sky
Little Feat,Two Trains
Traffic,Light Up Or Leave Me Alone
Little Feat,Rock and Roll Doctor
Traffic,Feelin' Alright?
The Band,Chest Fever - Remastered 2000
Fleetwood Mac,Station Man
The Kinks,Strangers - 2020 Stereo Remaster
The Band,King Harvest (Has Surely Come)
Native Egyptian Prince Ahmed Barakat,اغنية مصر ام المؤمنين
Hamid Baroudi,Caravan II Bagdad
René Aubry,Pearl & the Governess
René Aubry,In the Oceon
René Aubry,Christmas Morning
René Aubry,One Snowy Night
Jean-Luc Ponty,Demagomania
Jean-Luc Ponty,Rhythms of Hope
Grateful Dead,Eyes of the World - 2013 Remaster
Grateful Dead,Tennessee Jed - 2001 Remaster
Grateful Dead,"Estimated Prophet - Live at Barton Hall, Cornell University, Ithaca, NY 5/8/77"
Allman Brothers Band,Little Martha
Grateful Dead,"Mind Left Body Jam - Live, June 26/28, 1974"
Hamid Baroudi,El Bareh
Cheikha Rimitti,NOUAR
Cheikh Sidi Bémol,Ma kayen walou kima l'amour
Orchestre National De Barbes,Alaoui
Gaada Diwane De Béchar,Taguebarbt
Grateful Dead,"Althea - Live at Hartford Civic Center, October 14, 1983"
Tom Petty and the Heartbreakers,Mary Jane's Last Dance
Black Sabbath,The Wizard
Fleetwood Mac,The Chain - 2004 Remaster
The Who,The Seeker - Edit
Greta Van Fleet,Safari Song
Deep Purple,Space Truckin' - Remastered 2012
Blue Öyster Cult,Godzilla
Cream,Sunshine Of Your Love
Jaco Pastorius,"Come On, Come Over"
Jean-Luc Ponty,Cosmic Messenger
Ten Years After,I've Been There Too - 2004 Remaster
Tommy Bolin,Homeward Strut
Traffic,Rainmaker
John Paul Jones,Hoediddle
John Paul Jones,Bass 'n' drums
The Yardbirds,White Summer - 2003 Remaster
Wishbone Ash,Sometime World
Ten Years After,Hard Monkeys - 2004 Remaster
Genesis,The Return Of The Giant Hogweed - Digital Remastered 2008
Traveling Wilburys,Runaway
Cream,Born Under A Bad Sign
The Who,Love Ain't For Keeping
Traveling Wilburys,Tweeter And The Monkey Man
Dire Straits,Expresso Love
The Who,Love Reign O'er Me
Lenny Kravitz,Always On The Run
Jethro Tull,We Used to Know
The Who,Join Together
The Alan Parsons Project,Prime Time
Genesis,Home By The Sea - Remastered 2007
Bob Dylan,Union Sundown
New Riders of the Purple Sage,Dirty Business
Grateful Dead,Victim or the Crime - 2004 Remaster
Grateful Dead,Blow Away - 2004 Remaster
Jean-Luc Ponty,The Art of Happiness
Frank Zappa,Sofa No. 1
Frank Zappa,Eat That Question
Japan,Visions Of China - 2003 Digital Remaster
King Crimson,Neal And Jack And Me
Frank Zappa,Son Of Mr. Green Genes
CAN,I Want More
John Paul Jones,Leafy Meadows
Kaleidoscope,Keep Your Mind Open
John Paul Jones,The Thunderthief
Miles Davis,Honky Tonk
Love,The Red Telephone - 2015 Remaster
Jethro Tull,Pied Piper - 2002 Remaster
Jethro Tull,Big Dipper - 2002 Remaster
Jethro Tull,Bourée
Jethro Tull,Too Old to Rock 'n' Roll: Too Young to Die! - 2002 Remaster
John Paul Jones,Grind
Ten Years After,"50,000 Miles Beneath My Brain - 2017 Remaster"
CAN,Oh Yeah
Hamid Baroudi,Streets of Algiers
Jethro Tull,The Witch's Promise - 2001 Remaster
Grateful Dead,Fire on the Mountain - 2013 Remaster
The Beatles,Something - Remastered 2009
Traffic,Empty Pages - Remastered 2010
Grateful Dead,New Speedway Boogie - 2013 Remaster
John Paul Jones,Tidal
Jimi Hendrix,Crosstown Traffic
The Rolling Stones,We Love You - Single Version/Mono
Led Zeppelin,When the Levee Breaks - Remaster
Jethro Tull,Really Don't Mind / See There a Son Is Born - Steven Wilson Stereo Remix
Jethro Tull,Cross-Eyed Mary
The Who,Bargain
The Rolling Stones,Torn And Frayed
The Rolling Stones,Shake Your Hips
The Rolling Stones,Happy - 2009 Mix
The Rolling Stones,Rocks Off
The Rolling Stones,Casino Boogie
The Rolling Stones,"Paint It, Black"
The Mothers Of Invention,Get A Little
Rush,La Villa Strangiato
Derek & The Dominos,I Looked Away
Derek & The Dominos,Got To Get Better In A Little While - Live At Fillmore East
"Crosby, Stills & Nash",Wooden Ships - 2005 Remaster
Top Drawer,Song of a Sinner
Jean-Claude Vannier,Katmandou 8
Brian Eno,Another Green World - 2004 Remaster
Walter Murphy,A Fifth Of Beethoven
Strawberry Alarm Clock,Incense And Peppermints
The Young Rascals,You Better Run - Single Version; Mono
Mose Allison,Young Man's Blues
Jean-Luc Ponty,New Country
John Paul Jones,Shibuya Bop
The Beatles,While My Guitar Gently Weeps - Remastered 2009
The Rolling Stones,Slave - Remastered
Jethro Tull,Living in the Past - 2001 Remaster
Traffic,You Can All Join In
The Police,Roxanne
T. Rex,Get It On
The Rolling Stones,Some Girls - Remastered
The Alan Parsons Project,The Raven - 1987 Remix
Peter Bardens,One Of These Days I'll Get An Early Night
Andrew Latimer,Summer Lightning
Bill Bruford,Hell's Bells
Hatfield & The North,Going Up To People And Tinkling
Jefferson Airplane,Embryonic Journey
Fleetwood Mac,Oh Well (Pt. 1) - 2013 Remaster
Ten Years After,I'd Love to Change the World - 2004 Remaster
The Doors,The Crystal Ship
Derek & The Dominos,Layla
Jimi Hendrix,Bold as Love
Raïna Raï,Douane
Raïna Raï,Taila
Nass El Ghiwane,Allah ya moulana - Dieu ô notre Seigneur
Frank Zappa,Apostrophe'
Bill Frisell,Messin' with the Kid
Bill Frisell,Blues Dream
Jethro Tull,To Cry You a Song - 2001 Remaster
Jethro Tull,Nothing Is Easy
Jethro Tull,Mother Goose
Frank Zappa,Muffin Man
Pink Floyd,Fearless - 2011 Remastered Version
Strawberry Alarm Clock,Unwind With The Clock
Buffalo Springfield,Everydays - Live
The West Coast Pop Art Experimental Band,Shifting Sands
The Byrds,What's Happening?
The Byrds,Have You Seen Her Face
The Byrds,So You Want to Be a Rock 'N' Roll Star
Buffalo Springfield,Flying on the Ground Is Wrong
Buffalo Springfield,Pretty Girl Why
The Byrds,5D (Fifth Dimension)
Procol Harum,She Wandered Through the Garden Fence
Buffalo Springfield,Rock & Roll Woman
Buffalo Springfield,Uno Mundo
Strawberry Alarm Clock,"Soft Skies, No Lies"
Strawberry Alarm Clock,Sit With The Guru
Camel,La princesse perdue
Arti & Mestieri,Nove luna prima
Eloy,Daylight - 2000 Digital Remaster
Strawberry Alarm Clock,Barefoot In Baltimore
Iron Butterfly,Unconscious Power
Buffalo Springfield,Sit Down I Think I Love You
The West Coast Pop Art Experimental Band,If You Want This Love
Strawberry Alarm Clock,Rainy Day Mushroom Pillow
Premiata Forneria Marconi,Il banchetto
Premiata Forneria Marconi,Dove... quando... - I Parte
Premiata Forneria Marconi,Per un amico
Premiata Forneria Marconi,Grazie davvero
Premiata Forneria Marconi,Maestro della voce
Fabrizio De André,Presentazione - Live in Genova 03/01/1979
Jethro Tull,Childhood Heroes Reprise - Steven Wilson Stereo Remix
Jethro Tull,North Sea Oil - Steven Wilson Stereo Remix
Camel,Freefall
Camel,Rhayader Goes To Town
Anthony Phillips,Scottish Suite: I. Salmon Leap
Premiata Forneria Marconi,Photos Of Ghosts
Jethro Tull,Hymn 43
The Rolling Stones,Heaven - Remastered
The Rolling Stones,Can't You Hear Me Knocking - 2009 Mix
The Rolling Stones,Under My Thumb
The Rolling Stones,Play With Fire - Mono Version
The Rolling Stones,Moonlight Mile - 2009 Mix
Supersister,Corporation Combo Boys
UFO,Unidentified Flying Object - Remastered
Gerry Temple,Jam Jar
Premiata Forneria Marconi,Suonare suonare
Premiata Forneria Marconi,Transumanza - Italian version
Fabrizio De André,La canzone di Marinella - Live in Genova 03/01/1979
Jeff Beck,Cause We've Ended as Lovers
Led Zeppelin,Tangerine - Remaster
Miles Davis,Portia
The Rolling Stones,Citadel - Remastered 2017 / Stereo
Colosseum,Elegy
Colosseum,The Kettle
Chick Corea,Love Castle
Neil Young,Heart Of Gold
Ultimate Spinach,(BALLAD OF) THE HIP DEATH GODDESS
Mahavishnu Orchestra,Miles Beyond
The Beatles,Lucy In The Sky With Diamonds - Remastered 2009
The Guess Who,Hand Me Down World - Single Version
The Beatles,Tomorrow Never Knows - Remastered 2009
Miles Davis,Tomaas
Grateful Dead,Dark Star - Single Version; 2001 Remaster
Steppenwolf,Magic Carpet Ride
Triumvirat,Be Home For Tea - Edit
Premiata Forneria Marconi,Introduzione
Philip Glass,Facades
Philip Glass,Dance IX
Philip Glass Ensemble,Knee 5
Terry Riley,Church of Anthrax
Tangerine Dream,Hyperborea
Tangerine Dream,Betrayal (Sorcerer Theme)
Tangerine Dream,The Big Sleep In Search Of Hades
Tangerine Dream,Stratosfear
Tangerine Dream,Rubycon - Pt. 1 / Remastered 2018
Tangerine Dream,The Dream Is Always The Same - From 'Risky Business' Original Motion Picture Soundtrack
Tangerine Dream,Rubycon Part One
Tangerine Dream,Cinnamon Road
Tangerine Dream,Love On A Real Train - From 'Risky Business' Original Motion Picture Soundtrack
Kraftwerk,The Model - 2009 Remaster
Thievery Corporation,Lebanese Blonde
Harmonia,Ahoi
Klaus Schulze,Castles - Bonustrack
Space Art,Convoi - Bonus Track
Tangerine Dream,Choronzon
Erik Satie,3 Gymnopédies: Gymnopedie No. 1
Samuel Barber,Barber: Adagio for Strings
Stanley Myers,Cavatina
Ludwig van Beethoven,Speaking Unto Nations (Beethoven Symphony no 7 - II )
Richard Wagner,"Die Walkure, Act III: Ride of the Valkyries"
Erik Satie,Gnossienne No.1: Lent
Ludwig van Beethoven,"Symphony No. 7 in A, Op. 92: 2. Allegretto"
Claude Debussy,"Suite bergamasque, L. 75: No. 3, Clair de lune (Arr. L. Caillet for Orchestra)"
Miles Davis,Backyard Ritual
Dmitri Shostakovich,Jazz Suite No. 2: VI. Waltz II
Frank Zappa,Sofa No. 2
The Doors,Five to One
Miles Davis,"Sivad - Live at the Cellar Door, Washington, DC - December 1970"
Miles Davis,Black Satin
John Lennon,Hold On - Remastered 2010
Miles Davis,Frelon brun
Ultimate Spinach,(Ballad Of) The Hip Death Goddess
Eric Burdon & the Animals,Monterey
Pink Floyd,Summer '68 - 2011 Remaster
Pink Floyd,San Tropez - 2011 Remastered Version
Miles Davis,Orange
Tangerine Dream,Cloudburst Flight
The Doors,Who Scared You - 2019 Remaster
Al Di Meola,Race With Devil On Spanish Highway
Traffic,Shanghai Noodle Factory
Ultimate Spinach,Gilded Lamp of the Cosmos
Grateful Dead,Death Don't Have No Mercy
Cream,Badge
Mahavishnu Orchestra,Birds Of Fire
Traffic,Heaven Is In Your Mind
Kaleidoscope,Egyptian Garden
The Rolling Stones,2000 Light Years From Home - Stereo / Remastered
Igor Stravinsky,The Rite of Spring: Part One: Adoration of the Earth: Introduction
Tangerine Dream,Mysterious Semblance At The Strand Of Nightmares - Remastered 2018
Tangerine Dream,No Happy Endings
Tangerine Dream,The Mountain Road
Tangerine Dream,It Is Time to Leave When Everyone Is Dancing
Tangerine Dream,Sequent 'C' - Remastered 2018
The Pretty Things,Talkin' About The Good Times
Cream,SWLABR
King Crimson,Sartori in Tangier
The Beatles,Strawberry Fields Forever - Remastered 2009
The Doors,Maggie M'Gill
Santana,Hope You're Feeling Better
Talking Heads,Don't Worry About the Government
Santana,Soul Sacrifice
The Pretty Things,Defecting Grey
The Doors,When the Music's Over
Buffalo Springfield,Questions
Dixie Dregs,Road Expense
Frank Zappa,Blessed Relief
Frank Zappa,Cletus Awreetus-Awrightus
Miles Davis,Water on the Pond
Deodato,September 13
Love,She Comes in Colors
Frank Zappa,Montana
Fleetwood Mac,Coming Your Way - 2013 Remaster
Jerry Garcia Band,Eleanor Rigby - Live
Adrian Belew,Big Electric Cat
Albert Ayler,Sun Watcher
Cluster,Schöne Hände
Tangerine Dream,Movements Of A Visionary - Remastered 2018
Tangerine Dream,Hyperborea - 1995 Remaster
Jean-Michel Jarre,"Oxygene, Pt. 1"
Ashra,Midnight On Mars
Tangerine Dream,Cinnamon Road - 1995 Remaster
Ultimate Spinach,YOUR HEAD IS REELING
Joël Fajerman,Racines synthétiques
Camel,Song Within A Song
Pink Floyd,Fat Old Sun - 2011 Remaster
Pink Floyd,Ibiza Bar - 2011 Remaster
Pink Floyd,Careful With That Axe Eugene - 1996 Remastered Version
Les Claypool,Cosmic Highway
King Crimson,Discipline
Vangelis,Blade Runner - End Titles
Gustav Holst,"The Planets, Op. 32: I. Mars, the Bringer of War"
Modest Mussorgsky,Pictures at an Exhibition (Orch. Ravel): Promenade I
The Tony Williams Lifetime,Emergency
Talking Heads,New Feeling - 2005 Remaster
Tangerine Dream,Force Majeure (Excerpt)
Tangerine Dream,Ricochet - Live On European Tour / 1975 / Pt. 1 / Remastered 2018
The Doors,The WASP (Texas Radio and the Big Beat) - New Stereo Mix
King Crimson,Thela Hun Ginjeet
Pink Floyd,Up The Khyber - 2011 Remaster
The Doors,My Eyes Have Seen You - New Stereo Mix
Pink Floyd,Let There Be More Light - 2011 Remaster
Banchee,Beautifully Day
Fever Tree,Imitation Situation 1
Kaleidoscope,I'll Kiss You Once
Kaleidoscope,(Love Song) For Annie
Ablaye Cissoko,Bamaya
Björn Meyer,Three Thirteen
Renaud Garcia-Fons,Ricercare
Hadouk Trio,Nambaraï Gate
Steve Tibbetts,Sitavana
Karim Baggili,Dawn at Sea - Instrumentale
Ralph Towner,Tarry
Anouar Brahem,Dar es salaam
Toufic Farroukh,Villes invisibles (Intro)
Karim Baggili,Fly To - Instrumentale
Paolo Damiani,Sequenza Prima (Sequenze Orfiche) - Live
Talking Heads,I Zimbra
Pink Floyd,Party Sequence - 2011 Remaster
Grateful Dead,Casey Jones - 2013 Remaster
Jerry Garcia,Sittin' Here In Limbo
Bill Frisell,Outlaws
Grateful Dead,Mississippi Half-Step Uptown Toodeloo - 2013 Remaster
The Chocolate Watchband,In The Past
Grateful Dead,Here Comes Sunshine - 2013 Remaster
Pink Floyd,Astronomy Domine - 2011 Remaster
Kaleidoscope,The Sky Children
Premiata Forneria Marconi,Impressioni di Settembre
John Lennon,#9 Dream - Remastered 2010
John Lennon,How Do You Sleep? - Remastered 2010
Cream,Politician
The Velvet Underground,Sweet Jane
John Lennon,God - Remastered 2010
John Lennon,Nobody Told Me - Remastered 2010
John Lennon,Mind Games - Remastered 2010
John Lennon,Whatever Gets You Thru The Night - Remastered 2010
Jim Morrison,Black Polished Chrome
Jefferson Airplane,Plastic Fantastic Lover
John Coltrane,"A Love Supreme, Pt. I – Acknowledgement"
Syd Barrett,Octopus
Captain Beefheart & His Magic Band,Observatory Crest
Captain Beefheart & His Magic Band,Zig Zag Wanderer
Syd Barrett,Baby Lemonade
Led Zeppelin,Down by the Seaside - Remaster
The Who,The Real Me
Led Zeppelin,Whole Lotta Love - 1990 Remaster
Traffic,(Roamin' Thro' The Gloamin' With) 40.000 Headman
Ultimate Spinach,Jazz Thing
Buffalo Springfield,For What It's Worth
Led Zeppelin,Over the Hills and Far Away - Remaster
Steely Dan,My Old School
Steely Dan,Reelin' In The Years
Tom Petty and the Heartbreakers,Breakdown
Led Zeppelin,Fool in the Rain - Remaster
Tom Petty and the Heartbreakers,Anything That's Rock 'n' Roll
Tom Petty and the Heartbreakers,Refugee
Tom Petty and the Heartbreakers,Into The Great Wide Open
The Who,Pinball Wizard
Pink Floyd,Cymbaline - 2011 Remaster
Pink Floyd,Have A Cigar - 2011 Remaster
Pink Floyd,"Shine On You Crazy Diamond, Pts. 1-5 - 2011 Remaster"
Thelonious Monk,Thelonious
The Open Mind,Magic Potion - Bonus
Vanilla Fudge,You Keep Me Hangin' On
Pink Floyd,Set The Controls For The Heart Of The Sun - 2011 Remaster
13th Floor Elevators,Slip Inside This House - Mono LP Version
Bill Frisell,Pretty Stars
Grateful Dead,Althea
Canned Heat,Let's Work Together
Hatfield & The North,Aigrette
Pink Floyd,Pow R. Toc. H - 2011 Remaster
Soft Machine,We Did It Again
Brian Eno,Tzima N'arki
Herbie Hancock,Fat Mama
Elliott Smith,Son Of Sam
Elliott Smith,Needle In The Hay
The Dandy Warhols,Minnesoter
The Dandy Warhols,Not If You Were The Last Junkie On Earth
The Dandy Warhols,Not Your Bottle - Remastered
The Dandy Warhols,Nietzsche
The Dandy Warhols,Godless
The Dandy Warhols,Mohammed
The Dandy Warhols,Every Day Should Be A Holiday
The Dandy Warhols,Get Off
The Dandy Warhols,Plan A
Jimi Hendrix,Little Wing
Pink Floyd,Echoes - 2011 Remastered Version
Pink Floyd,Comfortably Numb - 2011 Remastered Version
Pink Floyd,One Of These Days - 2011 Remastered Version
The Dandy Warhols,Thee Elegant Bum
The Dandy Warhols,All the Girls in London
Frank Zappa,Willie The Pimp
The Yardbirds,For Your Love - 2015 Remaster
Link Wray,Rumble
Fleetwood Mac,Purple Dancer
Creedence Clearwater Revival,Ramble Tamble
The Dandy Warhols,Nietzsche
Frank Zappa,Tell Me You Love Me
Creedence Clearwater Revival,Who'll Stop The Rain
Creedence Clearwater Revival,I Heard It Through The Grapevine
Creedence Clearwater Revival,Bad Moon Rising
Creedence Clearwater Revival,Run Through The Jungle
Creedence Clearwater Revival,Lookin' Out My Back Door
Creedence Clearwater Revival,Proud Mary
Creedence Clearwater Revival,Travelin' Band
Creedence Clearwater Revival,My Baby Left Me
Creedence Clearwater Revival,Down On The Corner
Creedence Clearwater Revival,Ooby Dooby
Pink Floyd,Stay - 2011 Remastered Version
Renaissance,Spare Some Love
The Dandy Warhols,Get Off
13th Floor Elevators,Through the Rhythm (2008 Remastered Original Mono LP Version)
Moby Grape,Sweet Ride (Never Again) - Long Version
13th Floor Elevators,Slip Inside This House - Stereo LP Version
Aphrodite's Child,Aegian Sea
The Pretty Things,Baron Saturday
The Dandy Warhols,Cool Scene
Kaleidoscope,Taxim
Frank Zappa,Black Napkins
Manu Chao,Lágrimas de oro
Manu Chao,Día luna...Día pena
The Doors,Waiting for the Sun
Creedence Clearwater Revival,Fortunate Son
The Doors,L.A. Woman
Jasper van't Hofs Pili Pili,Uneven Image
Jasper van't Hofs Pili Pili,M'Bogne Mou Ra Fanhe M'Ma
Jasper van't Hofs Pili Pili,Bambara
Jasper van't Hofs Pili Pili,Yoraba Gospel
Jasper van't Hofs Pili Pili,A Presi Dee
Jasper van't Hofs Pili Pili,Lifestory
Jasper van't Hofs Pili Pili,Our Neighbours Party
Jasper van't Hofs Pili Pili,Tight lips
Jasper van't Hofs Pili Pili,Summerdance
Jasper van't Hofs Pili Pili,Liberata
Jasper van't Hofs Pili Pili,Shangani Talk
Pink Floyd,Money - 2011 Remastered Version
Michael Rother,Feuerland
Al Di Meola,Mediterranean Sundance
Toots Thielemans,"Theme from ""Midnight Cowboy"""
Ennio Morricone,The Ecstasy Of Gold - 2004 Remaster
Ultimate Spinach,Gilded Lamp of the Cosmos (Behold & See) [Original Mono Mix]
Strawberry Alarm Clock,The World's On Fire
Ultimate Spinach,Where You're At
Ultimate Spinach,Fifth Horseman of the Apocalypse (Original Mono Mix)
Quicksilver Messenger Service,Happy Trails
Quicksilver Messenger Service,Which Do You Love
The Pretty Things,Mr Evasion
Ten Years After,Going To Try
Ten Years After,Skoobly-Oobly-Doobob
Ten Years After,I Can't Live Without Lydia
Ten Years After,Choo Choo Mama - 2017 Remaster
Ten Years After,Stoned Woman - 2017 Remaster
Ten Years After,I Woke up This Morning
Ten Years After,Here They Come - 2004 Remaster
Ten Years After,I Want To Know
Sleepy John Estes,Leavin' Trunk
Quicksilver Messenger Service,Fresh Air
Pink Floyd,A Saucerful Of Secrets (Live) [2011 - Remaster]
Pink Floyd,Careful With That Axe Eugene (Live) [2011 - Remaster]
Cream,Strange Brew
Yes,All Connected
Frank Zappa,Welcome To The United States
The Byrds,You Ain't Goin' Nowhere
Allman Brothers Band,Revival
Traffic,John Barleycorn (Must Die) - Remastered 2010
The Byrds,Wasn't Born to Follow
The Byrds,Mr. Tambourine Man
Arlo Guthrie,Anytime
Arlo Guthrie,The City of New Orleans
America,Sister Golden Hair
Paul Simon,American Tune
Arlo Guthrie,Highway in the Wind
Arlo Guthrie,The Motorcycle Song
Arlo Guthrie,Alice's Restaurant Massacree
The Byrds,Turn! Turn! Turn! (To Everything There Is a Season)
Arlo Guthrie,Lightning Bar Blues
Arlo Guthrie,Last Train
Arlo Guthrie,St. James Infirmary - Live
Arlo Guthrie,Darkest Hour - Live
Creedence Clearwater Revival,Susie Q
Creedence Clearwater Revival,Green River
Creedence Clearwater Revival,Born On The Bayou
Creedence Clearwater Revival,I Put A Spell On You
T. Rex,Cosmic Dancer
Bob Dylan,Ballad of a Thin Man
Grateful Dead,That's It for the Other One (Parts I-IV)
Bob Weir,Big Iron
James Gang,Yadig?
T. Rex,20th Century Boy - Remaster
Miles Davis,"So What (feat. John Coltrane, Cannonball Adderley & Bill Evans)"
Aphex Twin,Jynweythek
Philip Glass,Etude No. 2
Philip Glass,Truman Sleeps
Brian Eno,Emerald and Stone
Terry Riley,G Song (arr. Keisuke Nakagoshi for piano 4 hands)
Maurice Ravel,"Ravel: String Quartet, M. 35: II. Assez vif - Très rythmé"
Aphex Twin,Icct Hedral - Phillip Glass Orchestration
Philip Glass,"String Quartet No. 3, ""Mishima"": VI. Mishima / Closing"
Mulatu Astatke,Yèkèrmo Sèw
Sonny Rollins,I'm an Old Cowhand
Gil Scott-Heron,Lady Day and John Coltrane
Sun Ra,Enlightenment
Louis Hardin,Symphonique #6 (Good For Goodie) - Instrumental
Arlo Guthrie,Connection
John Coltrane,Summertime
Jerry Garcia,When The Hunter Gets Captured By The Game
T. Rex,Buick Mackane
T. Rex,Jeepster
T. Rex,Chrome Sitar
T. Rex,Children of the Revolution - Remaster
T. Rex,Mystic Lady
Zoufris Maracas,Sur quel pied danser
Cream,Pressed Rat And Warthog
Led Zeppelin,Black Dog - Remaster
Led Zeppelin,Rock and Roll - Remaster
Led Zeppelin,Stairway to Heaven - Remaster
Aerosmith,Mama Kin
Red Hot Chili Peppers,Parallel Universe
Frank Zappa,Sexual Harassment In The Workplace
T. Rex,The Slider
T. Rex,Life Is Strange
T. Rex,Metal Guru
T. Rex,Ballrooms Of Mars
The Alan Parsons Project,Mammagamma - Instrumental
Jean-Michel Jarre,"Equinoxe, Pt. 5"
Arzachel,Queen St. Gang
Dr. Hook,"The Cover of ""Rolling Stone"""
Grateful Dead,"Althea - Live at Nassau Coliseum, Uniondale, NY 5/16/80; 2017 Remaster"
Pink Floyd,Pigs On The Wing 1 - 2011 Remaster
Pink Floyd,Free Four - 2011 Remastered Version
Pink Floyd,The Gold It's In The ... - 2011 Remastered Version
Free,Fire And Water
T. Rex,Knight - Stereo Version
T. Rex,Child Star - Stereo Version
T. Rex,Graceful Fat Sheba - Stereo Version
The Who,Baba O'Riley
Moondog,Bird's Lament
The Zodiac,Taurus - The Voluptuary
Arzachel,Azathoth
T. Rex,Graceful Fat Sheba - Mono Version
The Rolling Stones,Stray Cat Blues - Live
The Rolling Stones,All Down The Line
The Rolling Stones,Can You Hear The Music - Remastered
The Rolling Stones,So Divine (Aladdin Story)
The Rolling Stones,Summer Romance - Remastered
The Rolling Stones,"Cool, Calm And Collected"
Keith Richards,Wicked As It Seems
The Rolling Stones,I Go Wild - Remastered
The Rolling Stones,Coming Down Again - Remastered
The Rolling Stones,Can I Get A Witness
The Rolling Stones,Hand Of Fate - Remastered
The Rolling Stones,Back Street Girl
The Rolling Stones,Dirty Work - Remastered
Mick Jagger,Wandering Spirit
The Rolling Stones,You Can't Catch Me
The Rolling Stones,Doom And Gloom
The Rolling Stones,Think
The Rolling Stones,Sway - 2009 Mix
The Rolling Stones,Dance Little Sister - Remastered
Keith Richards,Rockawhile - 2019 Remaster
The Rolling Stones,Where The Boys Go - Remastered
Keith Richards,Whip It Up - 2019 Remaster
The Rolling Stones,Jiving Sister Fanny
The Rolling Stones,Little By Little - Mono Version
The Rolling Stones,Flight 505
Jimmy Page,Custard Pie
The Rolling Stones,No Expectations - 50th Anniversary Edition
The Rolling Stones,Empty Heart
Mick Fleetwood and Friends,The Green Manalishi (With the Two Prong Crown) [with Billy Gibbons & Kirk Hammett] - Live from The London Palladium
The Rolling Stones,I Got The Blues - 2009 Mix
The Rolling Stones,19th Nervous Breakdown - Mono Version
The Rolling Stones,Blue Turns To Grey
The Rolling Stones,"Have You Seen Your Mother, Baby, Standing In The Shadow? - Mono Version"
The Rolling Stones,Title 5
The Rolling Stones,Connection
Jimmy Page,Oh Well
The Rolling Stones,All Sold Out
The Rolling Stones,Petrol Blues
The Rolling Stones,Bitch - 2009 Mix
The Rolling Stones,Who's Been Sleeping Here?
The Rolling Stones,Carol - Live
The Rolling Stones,I Just Want To See His Face
Steppenwolf,The Pusher
The Yardbirds,"Stroll On (From ""Blow Up"") - 2015 Remaster"
The Rolling Stones,Sittin' On A Fence
The Rolling Stones,Jigsaw Puzzle - 50th Anniversary Edition
The Rolling Stones,Turd On The Run
Keith Richards,999
The Rolling Stones,Continental Drift - Remastered
Keith Richards,Struggle
The Rolling Stones,You Got The Silver
The Rolling Stones,Monkey Man
Peter Green,Bottoms Up
Blind Faith,"Can’t Find My Way Home - Live: Hyde Park, London 7th June 1969"
Muddy Waters,Mannish Boy
Peter Green,Just for You
Jimmy Page,Prison Blues
Procol Harum,A Whiter Shade of Pale - Original Single Version
Wings,Reception - Remastered 1993
Yes,Sweetness - 2003 Remaster
Keith Richards,Take It So Hard
T. Rex,Bang A Gong (Get It On) (Electric Version)
T. Rex,Salamanda Palaganda - Take 4
The Rolling Stones,Hide Your Love - Remastered
Arzachel,Garden Of Earthly Delights
The Rolling Stones,It's Not Easy
The Rolling Stones,I'm A King Bee
The Zodiac,Gemini - The Cool Eye
The Rolling Stones,Back Of My Hand - Remastered
The Rolling Stones,2120 South Michigan Avenue - Long Version
The Rolling Stones,Tallahassee Lassie
The Rolling Stones,Sweet Black Angel
The Zodiac,Aries - The Fire Fighter
The Rolling Stones,Star Star - 2020
The Rolling Stones,You Win Again
The Zodiac,Libra - The Flower Child
The Beatles,I Want You (She's So Heavy) - Remastered 2009
The Beatles,Flying - Remastered 2009
The Beatles,I Me Mine - Remastered 2009
The Beatles,Rocky Raccoon - Remastered 2009
The Beatles,Helter Skelter - Remastered 2009
The Beatles,I Am The Walrus - Remastered 2009
The Beatles,Happiness Is A Warm Gun - Remastered 2009
The Beatles,I'm Only Sleeping - Remastered 2009
The Beatles,Hey Bulldog - Remastered 2009
The Beatles,Taxman - Remastered 2009
The Beatles,Your Mother Should Know - Remastered 2009
The Beatles,Sgt. Pepper's Lonely Hearts Club Band - Remastered 2009
Jerry Garcia Band,Gomorrah
Steely Dan,Bad Sneakers
St. John Green,Devil And The Sea
Little Feat,All That You Dream (with Linda Ronstadt)
Soft Machine,Joy Of A Toy
Dire Straits,Six Blade Knife
T. Rex,Scenescof - Mono Version
The West Coast Pop Art Experimental Band,Smell of Incense
The Doors,Strange Days
Grand Funk Railroad,We're An American Band - Remastered 2002
The Rolling Stones,Not Fade Away - Mono Version
13th Floor Elevators,Reverberation (Doubt) [2008 Remastered Original Mono LP Version]
The Pretty Things,The Good Mr. Square
Soft Machine,Priscilla
Bill Wyman,Come Back Suzanne
The Rolling Stones,Blinded By Love - Remastered
Signal,Glassworks: I. Opening
Jimmy Page,Black Mountain Side
Jana Crämer,"Das erste Mal beim Psychodoc, Teil 7"
Jana Crämer,"Besser als ein Strick, Teil 1"
Jana Crämer,"Gefühle sind zum Fühlen da, Teil 1"
Jerry Garcia Band,Rubin And Cherise
The Rolling Stones,Live With Me
The Zodiac,Leo - The Lord of Lights
Quicksilver Messenger Service,Gold And Silver
Wolfgang Amadeus Mozart,"Le nozze di Figaro, K. 492 / Act 3: ""Sull’aria ... Che soave zeffiretto"""
Erik Satie,Gnossienne No. 1 (Arr. Kleynjans)
Wire,Strange - 2006 Remastered Version
WITCH,Lazy Bones
Iggy Pop,The Endless Sea
Elvis Costello & The Attractions,The Beat - 2021 Remaster
Haruomi Hosono,Choo Choo Gatagoto
Morphine,Buena
John Lee Hooker,The Motor City Is Burning
Vangelis,Abraham's Theme
Vangelis,Fields of Coral
Vangelis,Main Titles
Enya,Orinoco Flow - 2009 Remaster
Philip Glass,Koyaanisqatsi
Vangelis,Le singe bleu - Remastered
Michael Nyman,The Heart Asks Pleasure First
Vangelis,Ask the Mountains
Tom Petty and the Heartbreakers,Nightwatchman
Bob Dylan,Man in the Long Black Coat
Dire Straits,Skateaway
Frank Zappa,What's New In Baltimore?
Merl Saunders,Positively 4th Street
Robert Plant,In the Mood - 2006 Remaster
Stevie Ray Vaughan,Scuttle Buttin'
Rush,Red Barchetta
Pink Floyd,Learning To Fly - 2019 Remix
Pete Townshend,Give Blood
The Who,Eminence Front - Live
The Rolling Stones,One Hit (To The Body) - Remastered
Ozzy Osbourne,Mr. Crowley
Mott The Hoople,All the Young Dudes - David Bowie & Ian Hunter Vocal
Deep Purple,Son Of Alerik
Donovan,Clara Clairvoyant
Umphrey's McGee,In the Kitchen
"Crosby, Stills & Nash",Just a Song Before I Go
Rush,Different Strings
The Rolling Stones,Down Home Girl
The Rolling Stones,Silver Train - Remastered
The Rolling Stones,Midnight Rambler
The Zodiac,Capricorn - The Uncapricious Climber
The Rolling Stones,Dandelion
The Rolling Stones,My Obsession
The Rolling Stones,Hide Your Love - 2020
The Rolling Stones,I Can't Be Satisfied
Rush,Working Man
Rush,The Trees
Rush,Finding My Way
Rush,A Passage To Bangkok
Rush,Anthem
Rush,A Farewell To Kings
Rush,Here Again
Rush,Leave That Thing Alone - 2004 Remaster
Rush,Digital Man
Rush,Jacob's Ladder
Rush,YYZ
Rush,The Spirit Of Radio
Rush,2112: Overture / The Temples Of Syrinx / Discovery / Presentation / Oracle / Soliloquy / Grand Finale - Medley
Rush,Subdivisions
Rush,Animate - 2004 Remaster
Rush,The Analog Kid
Rush,Something For Nothing
The Dandy Warhols,Nietzsche
Quicksilver Messenger Service,Fresh Air
Pearl Jam,Severed Hand
Country Joe & The Fish,Section 43
Pearl Jam,Comatose
Pearl Jam,Red Mosquito
The Rolling Stones,You Can Make It If You Try
Rush,In The End
Pearl Jam,Gods' Dice
The Who,The Ox
The Who,Rael - Pt.1 & Pt.2 / Track Records Run Out Groove / Mono Version
Rush,Chemistry
Frank Zappa,Flakes
The Rolling Stones,Ride On Baby
Jimmy Page,She Just Satisfies
Pink Floyd,The Nile Song - 2011 Remaster
The Who,Armenia City In The Sky - Mono Version
Rush,Losing It
Kraftwerk,Computer Love - 2009 Remaster
The Who,Silas Stingy - Mono Version
The Who,Someone's Coming - UK Single Mix / Mono Version
The Who,Who Are You
Pearl Jam,Man of the Hour
Pearl Jam,Smile
Pearl Jam,Present Tense
Pearl Jam,Immortality - Remastered
Pearl Jam,Corduroy - Remastered
Pearl Jam,Elderly Woman Behind the Counter in a Small Town - Remastered
Pearl Jam,Rearviewmirror - Remastered
Pearl Jam,Better Man
Pearl Jam,Tremor Christ - Remastered
Pearl Jam,Fatal
Pearl Jam,Satan's Bed - Remastered
Pearl Jam,Not for You - Remastered
Pearl Jam,Lukin
The Rolling Stones,Please Go Home
Jerry Garcia Band,The Night They Drove Old Dixie Down - Live
Pearl Jam,Sad
Pearl Jam,Brain of J.
Pearl Jam,Marker In The Sand
Pearl Jam,Got Some
Pearl Jam,Last Exit - Remastered
Pearl Jam,World Wide Suicide
The Rolling Stones,Parachute Woman - 50th Anniversary Edition
Pearl Jam,Given to Fly
Pearl Jam,Amongst The Waves
Pearl Jam,All or None
Cream,Toad
The Mothers Of Invention,My Guitar Wants To Kill Your Mama
America,Lonely People
The Box Tops,The Letter
Wildes Holz,Ginger Soussou
The Who,Young Man Blues - Live
The Kinks,Shangri-La - 2019 Remaster
"Crosby, Stills & Nash",Marrakesh Express - 2005 Remaster
Creedence Clearwater Revival,Crazy Otto - Live at The Fillmore
The Rolling Stones,Let It Loose
The Rolling Stones,Far Away Eyes - Remastered
The Rolling Stones,In Another Land - Remastered 2017 / Stereo
The Rolling Stones,Honky Tonk Women
Jethro Tull,Living in the Past - 2001 Remaster
Free,Woman
Jethro Tull,Locomotive Breath
Free,I'm A Mover
Jefferson Airplane,Somebody to Love
Free,I'll Be Creepin'
Free,Walk In My Shadow
Fleetwood Mac,Oh Well (Pt. 2) - 2013 Remaster
Traffic,Hole In My Shoe
Fleetwood Mac,Before The Beginning - 2013 Remaster
Donovan,Barabajagal (with Jeff Beck Group)
Deep Purple,Hush - 1998 Remaster
Taj Mahal,Ain't That A Lot Of Love - Remastered 2018
Donovan,The Trip
Fleetwood Mac,The Green Manalishi (With the Two Prong Crown) - 2013 Remaster
The Kinks,Dead End Street - Mono Mix
CAN,Don't Say No
The Budos Band,Up From the South
Hailu Mergia,Musicawi Silt
Tamikrest,Tisnant an Chatma
Amanaz,Green Apple
Ernie Hawks,Journey to the Bottom
WITCH,Lazy Bones
Wallias Band,Muziqawi silt - instrumental
The Hygrades,Rough Rider
The Budos Band,T.I.B.W.F.
Mike Bloomfield,Stop
The Dave Brubeck Quartet,Blue Rondo à la Turk
Béla Fleck and the Flecktones,The Sinister Minister
Weather Report,A Remark You Made
Jeff Beck,Come Dancing
Django Reinhardt,I'll See You in My Dreams
Wes Montgomery,Tequila
Mulatu Astatke,Yègellé Tezeta
Freddie Hubbard,Red Clay
Aphrodite's Child,The Battle Of The Locusts
King Crimson,Coda: Marine 475 - Abridged
King Crimson,Industrial Zone A
CAN,Paperhouse
Soft Machine,Aubade
Triumvirat,The Sweetest Sound Of Liberty
Cream,Outside Woman Blues
The Doors,Touch Me
The Beatles,She Said She Said - Remastered 2009
Cream,World Of Pain
The Doors,Light My Fire
The Beatles,She Came In Through The Bathroom Window - Remastered 2009
The Rolling Stones,She Was Hot - Remastered
The Rolling Stones,Hitch Hike - Remastered 2002
Mahavishnu Orchestra,Birds Of Fire
Chet Baker,Let's Get Lost
Goblin,La via della droga - Originale
King Crimson,Lizard (Prince Rupert Awakes/Bolero/The Battle of Glass Tears/Big Top)
King Crimson,Neurotica
Deep Purple,Into the Fire - 1995 Remaster
Deep Purple,Living Wreck - 1995 Remaster
Talking Heads,Cities - 2005 Remaster
Bachman-Turner Overdrive,Free Wheelin
Buddy Miles,Them Changes
Frank Zappa,Po-Jama People
Jimi Hendrix,Purple Haze
Creedence Clearwater Revival,Don't Look Now
Free,All Right Now
Allman Brothers Band,Midnight Rider
Creedence Clearwater Revival,Bootleg
Les Choeurs Emilira,Khalouni Nghani
Orchestre National De Barbes,Poulina
Hamid Baroudi,Ca Bouge
Le Trio Joubran,Nawwâr
Hamid Baroudi,Baraka
Aziz Sahmaoui,Maktoube - Short Version
Babylone,Hayem
Tamikrest,Mawarniha Tartit
Hamid Baroudi,African Soul
Tamikrest,Itous
Tarwa N-Tiniri,Tit N Tit
Miles Davis,Blackmail - The Hot Spot/Soundtrack Version
Mahavishnu Orchestra,"You Know, You Know (with John McLaughlin) - Remastered"
Beastie Boys,Song For Junior - Remastered 2009
Sam Cooke,Summertime (Part 1) - Mono
"Medeski, Martin & Wood",Note Bleu
The Beach Boys,That's Not Me - Mono
The Beach Boys,Little Bird - Remastered 2001
The Beach Boys,God Only Knows - Mono
The Beach Boys,Our Prayer
The Beach Boys,Sloop John B
The Beach Boys,Do It Again - Remastered 2001
The Beach Boys,You Still Believe In Me - Mono
The Beach Boys,In My Room - Remastered
The Beach Boys,"Caroline, No - Mono"
The Beach Boys,Good Vibrations - Remastered 2001
The Beach Boys,I Know There's An Answer
Béla Fleck,Blue Mountain Hop
Talking Heads,Warning Sign - 2005 Remaster
Talking Heads,The Book I Read - 2005 Remaster
Talking Heads,Don't Worry About the Government - 2005 Remaster
Doc Watson,Sittin On Top Of The World
Jerry Garcia,Shady Grove
Merl Saunders,"Gee Baby, Ain't I Good To You?"
Merl Saunders,Little Bit Of Righteousness
Uncle Tupelo,Sandusky
Booker T. & the M.G.'s,Hip Hug-Her
Merl Saunders & Friends,After Midnight
Jerry Garcia & Howard Wales,Up From The Desert
Merl Saunders,Ain’t No Woman Like The One I’ve Got
Yonder Mountain String Band,Midwest Gospel Radio
Leo Kottke,Vaseline Machine Gun
The Kinks,A Well Respected Man
The Rolling Stones,Respectable - Remastered
Blodwyn Pig,Long Bomb Blues - 2009 Remaster
Steamhammer,Passing Through - Remastered
Edgar Broughton Band,Don't Even Know Which Day It Is - 2004 Remaster
Blodwyn Pig,The Change Song - 2006 Remaster
Steamhammer,Water (Part One) - Digitally Remastered Version
Black Cat Bones,Death Valley Blues
Steamhammer,Fran And Dee Take A Ride - Remastered
Edgar Broughton Band,The Birth - 2004 Remaster
Edgar Broughton Band,Piece of My Own - 2004 Remaster
The Doors,Hyacinth House
The Doors,Queen of the Highway
The Doors,Moonlight Drive
Jim Morrison,Newborn Awakening
Judas Priest,You've Got Another Thing Coming
The Marshall Tucker Band,Ab's Song
Pearl Jam,Dissident - Remastered
The Beatles,Doctor Robert - Remastered 2009
The Beatles,Fixing A Hole - Remastered 2009
The Beatles,If I Needed Someone - Remastered 2009
George Harrison,Art of Dying - 2014 Remaster
The Beatles,Wait - Remastered 2009
The Beatles,Think For Yourself - Remastered 2009
King Crimson,ProzaKc Blues
The Beatles,Not Guilty - Anthology 3 Version
Led Zeppelin,What Is and What Should Never Be - 1990 Remaster
The Beatles,I've Got A Feeling - Remastered 2009
The Beatles,Savoy Truffle - Remastered 2009
Led Zeppelin,Achilles Last Stand - Remaster
The Beatles,Another Girl - Remastered 2009
The Beatles,The Night Before - Remastered 2009
The Beatles,The Word - Remastered 2009
The Beatles,What You're Doing - Remastered 2009
John Lennon,I Found Out - Remastered 2010
The Beatles,The Continuing Story Of Bungalow Bill - Remastered 2009
The Beatles,Paperback Writer - Remastered 2009
The Doors,Spanish Caravan
The Beatles,Don't Bother Me - Remastered 2009
The Beatles,Day Tripper - Remastered 2009
The Beatles,Old Brown Shoe - Remastered 2009
Bob Dylan,Stuck Inside of Mobile with the Memphis Blues Again
The Yardbirds,Knowing That I'm Losing You (Tangerine)
The Beatles,And Your Bird Can Sing - Remastered 2009
The Doors,Love Her Madly
The Doors,People Are Strange
The Beatles,Two Of Us - 2021 Mix
King Crimson,Groon (single B-side)
John Lennon,Gimme Some Truth - Remastered 2010
Led Zeppelin,The Rover - Remaster
Nirvana,All Apologies - Live
Elliott Smith,Between The Bars
Led Zeppelin,Carouselambra - Remaster
John Lennon,Remember - Remastered 2010
Soundgarden,Fell On Black Days
Led Zeppelin,Good Times Bad Times - 1993 Remaster
The Doors,Roadhouse Blues
Jerry Garcia & Merl Saunders,I Was Made to Love Her - Live
Grateful Dead,Box of Rain - 2013 Remaster
Bob Dylan,Queen Jane Approximately
The Beatles,Lovely Rita - Remastered 2009
Area,Gioia e rivoluzione
Osanna,Tema
Jethro Tull,Thick as a Brick - Edit #1; 2001 Remaster
Premiata Forneria Marconi,Peninsula
Spirit,Taurus
Triumvirat,Million Dollars - Edit / Digital Remaster
Premiata Forneria Marconi,Old Rain
Museo Rosenbach,Zarathustra- Al Di La Del Bene E
Arti & Mestieri,Valzer per domani
Alice In Chains,Would? (2022 Remaster)
The Doors,Riders on the Storm
The Doors,The Changeling
The Beatles,I'm Looking Through You - Remastered 2009
The Beatles,Dear Prudence - Remastered 2009
George Harrison,Run of the Mill - 2014 Remaster
Traveling Wilburys,New Blue Moon
The Yardbirds,Over Under Sideways Down (Stereo Version) - Remastered
The Beatles,Sexy Sadie - Remastered 2009
Jimi Hendrix,Gypsy Eyes
Jimi Hendrix,Ezy Ryder
Santana,Batuka
Richard Thompson,1952 Vincent Black Lightning
Trampled by Turtles,Ain't No Use in Tryin'
Flatt & Scruggs,Foggy Mountain Breakdown
Billy Strings,Turmoil & Tinfoil
Steppenwolf,Born To Be Wild
Ten Years After,Losing The Dogs - Mono
Ten Years After,Here They Come - Stereo Quad Mix
Jimi Hendrix,The Wind Cries Mary
Billy Cobham,Stratus
Booker T. & the M.G.'s,Green Onions
Count Five,Psychotic Reaction
The Rolling Stones,I Am Waiting
John Lennon,Working Class Hero - Remastered 2010
John Lennon,Instant Karma! (We All Shine On) - Remastered 2010
Chuck Berry,You Can't Catch Me - Single Version
Keith Richards,I Could Have Stood You Up - 2019 Remaster
The Rolling Stones,Walking The Dog
Pearl Jam,Infallible
Janis Joplin,Half Moon
George Harrison,Apple Scruffs - 2014 Remaster
The Beatles,Magical Mystery Tour - Remastered 2009
The Rolling Stones,"Midnight Rambler - Live From Madison Square Garden, New York/1969"
Talking Heads,Ruby Dear
The Rolling Stones,Now I've Got A Witness
John Coltrane,Mr. P.C. - Mono
Ray Charles,"What'd I Say, Pt. 1 & 2"
John Coltrane,My Favorite Things
Nina Simone,Baltimore
Duke Ellington,Take The Coltrane
Miles Davis Quintet,It Never Entered My Mind
Frank Zappa,Don't Eat The Yellow Snow
DorFuchs,Additionstheoreme
The Hykkers,I Want a Break Thru
The Psychedelic Aliens,Gbomei Adesai
WITCH,You Better Know
The Funkees,Acid Rock
Tony Allen,Never (Lagos Never Gonna Be the Same)
Teddy Chisi,Funky Lady
Songhoy Blues,Soubour
Ngozi Family,Hi Babe
Tony Allen,Secret Agent - 2022 - Remaster
The Hygrades,In The Jungle (Instrumental)
Ofege,It's Not Easy
Fela Kuti,Fefe Naa Efe
Joni Haastrup,Greetings
The Alan Parsons Project,Voyager
The Doors,Indian Summer
Led Zeppelin,Misty Mountain Hop - Alternate Mix
The Beach Boys,I Just Wasn't Made For These Times - Mono
The Doors,Blue Sunday
Florist,Unholy Faces
John Lennon,Oh Yoko! - Remastered 2010
Led Zeppelin,Black Mountain Side - 1993 Remaster
Sufjan Stevens,The Only Thing
The Beach Boys,Surf's Up
Jimi Hendrix,Drifting
The Beach Boys,Don't Talk (Put Your Head On My Shoulder) - Mono
The Kinks,This Time Tomorrow - 2020 Stereo Remaster
The Rolling Stones,Child Of The Moon
Love,Orange Skies
The Beach Boys,All I Wanna Do
The Rolling Stones,Star Star
The Rolling Stones,Mercy Mercy - Remastered 2002
The Who,I Can't Explain - Stereo Version
The Meters,Cissy Strut
Mulatu Astatke,Masenqo
Miles Davis,"Freddie Freeloader (feat. John Coltrane, Cannonball Adderley, Wynton Kelly & Paul Chambers)"
The Beach Boys,Lonely Sea (Mono)
Blind Faith,Can't Find My Way Home
Funkadelic,Can You Get To That
Miles Davis,Catembe
The Zombies,Care Of Cell 44
Quicksilver Messenger Service,Who Do You Love - Pt. 1
Jimi Hendrix,Castles Made of Sand
Jimi Hendrix,1983...(A Merman I Should Turn to Be)
Jane's Addiction,Up the Beach
David Bowie,Ashes to Ashes - 2017 Remaster
John Lennon,I'm Losing You - Remastered 2010
Rammstein,"Reise, Reise"
The Beatles,Devil In Her Heart - Remastered 2009
The Beatles,All My Loving - Remastered 2009
The Beatles,It Won't Be Long - Remastered 2009
The Beatles,All I've Got To Do - Remastered 2009
The Rolling Stones,Rip This Joint
The Rolling Stones,Tops - Remastered
Pink Floyd,I'm A King Bee
Mike Bloomfield,Man's Temptation
Jethro Tull,Cheap Day Return
The Beach Boys,Heroes And Villains - Remastered 2001
The Beach Boys,"Sail On, Sailor - Remastered 2000"
Stealers Wheel,Stuck In The Middle With You
America,A Horse with No Name
The Beach Boys,All I Wanna Do - Remastered 2009
Thelonious Monk Septet,Abide With Me
Miles Davis,"Générique - Bande originale du film ""Ascenseur pour l'échafaud"""
Justin Hurwitz,Fletcher's Song In Club
The Rolling Stones,Love In Vain
Victor Jara,Deja la Vida Volar
Victor Jara,La Partida
Victor Jara,Manifiesto
Victor Jara,No Puedes Volver Atrás
Victor Jara,El Cigarrito - 2001 Digital Remaster
Victor Jara,"Caminando, Caminando"
Victor Jara,Abre la Ventana
Victor Jara,Lamento Borincano
Victor Jara,Lo Único Que Tengo - Voz: Isabel Parra
Victor Jara,Poema 15
Claude Debussy,"Le martyre de saint Sébastien, Fragments symphoniques, L. 124: No. 1, La cour de lys"
Claude Debussy,"Images, Book 1: No. 1. Reflets dans l'eau (Reflections in the water)"
Claude Debussy,"La boîte à joujoux, L. 128: I. Le magasin de jouets"
Claude Debussy,"12 Etudes, L.136: 11. Pour les Arpèges composés"
Claude Debussy,"Debussy: Piano Trio in G Major, L. 5: I. Andantino con moto allegro"
Claude Debussy,"D'un cahier d'esquisses, CD 112"
Claude Debussy,"L'isle joyeuse, L. 106"
Dissidenten,Do The Pharaoo
Dissidenten,Path Of Rhythm
Dissidenten,The Good Old Days of Tomorrow Are Now
Dissidenten,Berlin Beduins
Wes Montgomery,While We're Young
Thelonious Monk,'Round Midnight
Thelonious Monk Septet,Crepuscule With Nellie - Breakdown
Mdou Moctar,Anna
Angelique Kidjo,Crosseyed and Painless
Salif Keita,Laban
Salif Keita,Tekere
Khaled,Hay Oudi
Deep Purple,Highway Star - Remastered 2012
"Crosby, Stills & Nash",Suite: Judy Blue Eyes - 2005 Remaster
Ten Years After,I Can't Keep From Crying Sometimes
Nightmares On Wax,Mission Venice
Mahavishnu Orchestra,Meeting of the Spirits (with John McLaughlin) - Remastered
Yes,Heart of the Sunrise - 2003 Remaster
Mahavishnu Orchestra,Vital Transformation (with John McLaughlin) - Remastered
John McLaughlin,The Way of the Pilgrim
John McLaughlin,The Dance of Maya
Jean-Luc Ponty,The Trans-Love Express
Billy Cobham,Sorcery
The Mothers Of Invention,Trouble Every Day
The Yardbirds,Happenings Ten Years Time Ago - Mono
Bob Dylan,The Man in Me
Jim Morrison,An American Prayer
The Who,My Generation - Stereo Version
Pink Floyd,Eclipse - 2011 Remastered Version
The Kinks,Victoria - Mono Mix
Fleetwood Mac,Sunny Side of Heaven
Fleetwood Mac,Second Hand News - 2004 Remaster
Fleetwood Mac,Tusk - 2015 Remaster
Fleetwood Mac,World Turning
Fleetwood Mac,The Ledge - 2015 Remaster
Fleetwood Mac,Jewel Eyed Judy - 2018 Remaster
Fleetwood Mac,Big Love - 2017 Remaster
Fleetwood Mac,Monday Morning
Fleetwood Mac,Black Magic Woman
Fleetwood Mac,Emerald Eyes
Fleetwood Mac,Angel - 2015 Remaster
Fleetwood Mac,Peacekeeper
Fleetwood Mac,I Don't Want to Know - 2004 Remaster
Fleetwood Mac,Over My Head
Fleetwood Mac,Go Your Own Way - 2004 Remaster
Fleetwood Mac,I Know I'm Not Wrong - 2015 Remaster
Fleetwood Mac,Don't Stop - 2004 Remaster
Fleetwood Mac,Remember Me - 2018 Remaster
Fleetwood Mac,Isn't It Midnight - 2017 Remaster
Fleetwood Mac,You Make Loving Fun - 2004 Remaster
Fleetwood Mac,Sisters of the Moon - 2015 Remaster
Fleetwood Mac,Think About Me - 2015 Remaster
Fleetwood Mac,Silver Springs - 2004 Remaster
Fleetwood Mac,Gypsy
Fleetwood Mac,Storms - 2015 Remaster
Fleetwood Mac,Little Lies - 2017 Remaster
Fleetwood Mac,Thrown Down
Fleetwood Mac,Bleed to Love Her
Fleetwood Mac,Dreams - 2004 Remaster
Fleetwood Mac,"Say You Love Me - Live at the Fabulous Forum, Inglewood, CA, 08/29/77"
Fleetwood Mac,Landslide
Fleetwood Mac,Everywhere - 2017 Remaster
Fleetwood Mac,I Loved Another Woman
Fleetwood Mac,Albatross
Fleetwood Mac,Dust
Fleetwood Mac,Child of Mine
Fleetwood Mac,Danny's Chant
Fleetwood Mac,Forever
Blue Öyster Cult,Then Came the Last Days of May
Fleetwood Mac,Earl Gray
Fleetwood Mac,Blood on the Floor
Fleetwood Mac,Looking For Somebody
Taste,Railway And Gun
Fleetwood Mac,My Baby's Good to Me
Rod Stewart,(I Know) I'm Losing You
Alexis Korner's Blues Incorporated,Rain Is Such a Lonesome Sound - Remastered
Fleetwood Mac,Beautiful Child - 2015 Remaster
Fleetwood Mac,That's Enough for Me - 2015 Remaster
Fleetwood Mac,Homeward Bound
Fleetwood Mac,Spare Me a Little of Your Love
Fleetwood Mac,Bare Trees
Fleetwood Mac,The Ghost
Fleetwood Mac,Underway - 2013 Remaster
Fleetwood Mac,Fighting For Madge - 2013 Remaster
Nick Drake,Time Has Told Me
Fleetwood Mac,Although the Sun Is Shining - 2013 Remaster
Fleetwood Mac,Searching for Madge - 2013 Remaster
Fleetwood Mac,World in Harmony - Alternative Take
The Rolling Stones,Winter - Remastered
Fleetwood Mac,My Dream - 2013 Remaster
Chicken Shack,Pocket
Taste,On The Boards
Strawberry Alarm Clock,Shallow Impressions
Irmin Schmidt,Broken Waltz
Irmin Schmidt,Twelve Tones
Irmin Schmidt,2 Alone
Irmin Schmidt,Dangerous
Captain Beefheart & His Magic Band,Too Much Time
CAN,Deadly Doris
John Mayall & The Bluesbreakers,The Super-Natural
Grateful Dead,China Cat Sunflower - Live in Paris 1972 Version
Stephen Stills,Song of Love
John Mayall,So Hard To Share
Fleetwood Mac,Sometimes
Grateful Dead,Crazy Fingers - 2013 Remaster
Climax Blues Band,Reap What I've Sowed
Climax Blues Band,Brief Case
Peter Green,In the Skies
Free,Oh I Wept - A New Stereo Mix
Fleetwood Mac,Without You - 2013 Remaster
Willie Dixon,The Seventh Son
The Paul Butterfield Blues Band,East-West
The Mothers Of Invention,Directly From My Heart To You
Buffalo Springfield,Rock & Roll Woman - Mono; 2018 Remaster [Mono]
Fleetwood Mac,Buddy's Song
Fleetwood Mac,Mission Bell
Fleetwood Mac,One Together
Fleetwood Mac,Hi Ho Silver
Fleetwood Mac,Rhiannon
Fleetwood Mac,Prove Your Love
Davie Jones and the King Bees,Liza Jane
Jimi Hendrix,Spanish Castle Magic
Jimi Hendrix,Night Bird Flying
Robert Lester Folsom,Heaven on the Beach with You
Eagles,Too Many Hands - 2013 Remaster
Jimi Hendrix,"Changes - Live At Fillmore East, 1970 / 50th Anniversary"
The Paul Butterfield Blues Band,Blues with a Feeling
The Paul Butterfield Blues Band,Work Song
Climax Blues Band,Seventh Son
Climax Blues Band,Everyday
Free,Travellin' In Style
Chicken Shack,Sad Clown
Canned Heat,On The Road Again
Spirit,Mr. Skin
Spirit,Gramophone Man
Fleetwood Mac,Hypnotized
John Mayall,High Pressure Living
John Mayall,Moving On
John Mayall,Chistmas 71
John Mayall,Sitting In The Rain
John Mayall,Red Sky
John Mayall,A Brief Introduction by Bill Cosby/Worried Mind
John Mayall,Do It
John Mayall,Fly Tomorrow
John Mayall,2401 - Single Version
Freddie King,Hideaway - Mono
John Mayall,First Time Alone
John Mayall,Ready To Ride
John Mayall,Someone's Acting Like A Child
John Mayall,The Devil Must Be Laughing
John Mayall,Things Go Wrong
Stephen Stills,Go Back Home
Blind Faith,Had To Cry Today
Wishbone Ash,The King Will Come
Free,Mr. Big
Procol Harum,She Wandered Through the Garden Fence - 2009 Remaster
Fleetwood Mac,Sentimental Lady
Gerd Baumann,Something's Rising
Gerd Baumann,Ora et amora
Gerd Baumann,Das letzte Zeichen
Gerd Baumann,Frau Kramer
Moby Grape,"NAKED, IF I WANT TO"
Jack Bruce,Tickets To Waterfalls
The Rolling Stones,What To Do - Mono Version
The Rolling Stones,Stupid Girl
The Rolling Stones,Doncha Bother Me
The Rolling Stones,Take It Or Leave It
Link Wray,Fire And Brimstone
Stephen Stills,Isn't It About Time
Cream,Born Under A Bad Sign
Faces,Debris
The Rolling Stones,Lady Jane - Mono Version
The Rolling Stones,Had It With You - Remastered
The Rolling Stones,Winning Ugly - Remastered
Mick Jagger,I've Been Lonely For So Long
The Rolling Stones,Dance (pt 1) - Remastered
The Rolling Stones,All About You - Remastered
John Mayall & The Bluesbreakers,Steppin' Out
The Paul Butterfield Blues Band,Mystery Train
Ten Years After,One of These Days - 2004 Remaster
Jethro Tull,My God
Jethro Tull,A Song for Jeffrey - Mono
Bill Frisell,Rumble
Wishbone Ash,Blowin' Free
Creedence Clearwater Revival,Lookin' Out My Back Door
Frank Zappa,Camarillo Brillo
Steely Dan,Rikki Don't Lose That Number
Climax Blues Band,Mighty Fire
Climax Blues Band,Standing By a River
Steve Miller Band,Rock'n Me
Climax Blues Band,Couldn't Get It Right
Steve Miller Band,Take The Money And Run
Climax Blues Band,"Hey Baby, Everything's Gonna Be Alright, Yeh Yeh Yeh"
Climax Blues Band,Using the Power
Climax Blues Band,I Am Constant
Led Zeppelin,Bron-Yr-Aur - Remaster
Black Sabbath,Paranoid
Pearl Jam,Daughter - Remastered
Pearl Jam,Wishlist
Boston,More Than a Feeling
Donovan,Get Thy Bearings
CAN,Sing Swan Song
Scott Walker,30 Century Man
CAN,Little Star of Bethlehem
The Rolling Stones,Fingerprint File - Remastered
The Rolling Stones,Ain't Too Proud To Beg - Remastered
The Rolling Stones,Till The Next Goodbye - Remastered
The Rolling Stones,If You Really Want To Be My Friend - Remastered
The Rolling Stones,It's Only Rock'n'Roll (But I Like It) - Remastered 2009
Ten Years After,Turned off T.V. Blues - 2017 Remaster
The Rolling Stones,Out Of Time - Edit Version
Thin Lizzy,Banshee
Led Zeppelin,Sick Again - Remaster
The Who,Trick Of The Light
The Rolling Stones,Suck On The Jugular - Remastered
Ten Years After,Working on the Road - 2017 Remaster
Temple Of The Dog,Hunger Strike
Led Zeppelin,In the Evening - Remaster
The Rolling Stones,When The Whip Comes Down - Remastered
The Rolling Stones,Tell Me - Full Version / Mono Version
The Rolling Stones,Brown Sugar
The Rolling Stones,Come On - Mono Version
The Rolling Stones,Jumpin' Jack Flash - Mono Version
The Rolling Stones,Heart Of Stone - Stereo Version / Remastered 2002
Taste,What's Going On
The Rolling Stones,Love In Vain - Live / Remastered 2009
The Yardbirds,The Train Kept A-Rollin' - 2015 Remaster
Jethro Tull,Song For Jeffrey - Remastered 2018
Dire Straits,Southbound Again
Led Zeppelin,Baby Come on Home - Remastered
The Yardbirds,Crying Out For Love
Keith Richards,Hate It When You Leave
John Mayall,Walking On Sunset
Peter Green,Proud Pinto
The Rolling Stones,Just Your Fool
The Rolling Stones,Brown Sugar - Remastered 2009
The Rolling Stones,Fool To Cry - Remastered 2009
The Rolling Stones,Dancing With Mr. D
The Rolling Stones,Emotional Rescue - Remastered 2009
The Rolling Stones,Angry
The Rolling Stones,"Dancing With Mr. D - Live At The Gelredome, Arnhem"
The Rolling Stones,Harlem Shuffle
"Blood, Sweat & Tears",And When I Die
John Lennon,Crippled Inside - Remastered 2010
Bill Frisell,Surfer Girl
"Blood, Sweat & Tears",Lucretia Mac Evil
Kenny Burrell,Chitlins Con Carne
Thelonious Monk,Bloomdido
Thelonious Monk,Monk's Dream - Take 8
Thelonious Monk,Introduction by George Wein - Live
Thelonious Monk,I'm Confessin' (That I Love You)
Thelonious Monk,Boo Boo's Birthday
Thelonious Monk,Between the Devil and the Deep Blue Sea
Mulatu Astatke,Tezeta (Nostalgia)
Sun Ra,Of Wounds And Something Else
Yusef Lateef,Love Theme From Spartacus - Rudy Van Gelder Remaster / 2006
Philip Glass,The Grid
Eric Burdon & the Animals,Good Times
Stephan Bodzin,Singularity
Lee Morgan,The Sidewinder
Vangelis,Dervish D.
Chet Baker,My Funny Valentine
Rabih Abou-Khalil,On A Bus
Rabih Abou-Khalil,Nafas
Anouar Brahem,Astrakan Café - 1
Eric Dolphy,Hat And Beard
Irmin Schmidt,Burning Straw in Sky
Anouar Brahem,Halfaouine
Irmin Schmidt,Le Weekend
Aram Khachaturian,Gayane Suite No. 3: IV. Gayane's Adagio
Jon Hassell,Chemistry
Irmin Schmidt,Kick on the Floods
Claude Debussy,"Prélude à l'après-midi d'un faune, CD 87a"
Maurice Ravel,"Ravel: Ma mère l'Oye, M. 60: V. Le jardin féerique"
Irmin Schmidt,Bohemian Step
Ludovico Einaudi,Una Mattina
Yann Tiersen,La Valse d'Amélie - Version piano
Irmin Schmidt,Rote Erde - Titel Musik
Rahsaan Roland Kirk,Theme for the Eulipions
Soft Machine,Why Are We Sleeping?
Embryo,Maroc Mix
Anouar Brahem,Astrakan Café - 2
Rabih Abou-Khalil,Banker's Banquet
Dissidenten,Morock'n Roll - Bonus: SingleEdit
Embryo,Radio Marrakesch / Orient Express
Anouar Brahem,Nihawend lunga
Loy Ehrlich,Train bleu des savanes (Intro) [Live]
Tinariwen,Sastanàqqàm
Liya Ag Ablil,Awa adounia
Tamikrest,Fassous Tarahnet (Live)
Tinariwen,Toumast Tincha
King Crimson,The Power To Believe (Pt. I)
Zakir Hussain,Water Girl
Hamid Baroudi,Ghaddar
Anouar Brahem,Raf Raf
Zakir Hussain,Zakir
Cheb Mami,Ma vie 2 fois
Hasna el Becharia,Hakmet lakdar
Majid Bekkas,Sahara Blues
The Yardbirds,Heart Full of Soul - 2015 Remaster
The Mamas & The Papas,California Dreamin' - Single Version
Pink Floyd,On The Highway - Zabriskie Point Remix
Pink Floyd,The Riot Scene - Zabriskie Point Remix
The Who,The Seeker - Original Single A-Side Mix
Eric Burdon & the Animals,San Franciscan Nights
Iron Butterfly,In-A-Gadda-Da-Vida - Single Version
Grateful Dead,Doin' That Rag - 2013 Remaster
The Doors,Soul Kitchen
Iron Butterfly,My Mirage
Ultimate Spinach,Fifth Horseman of the Apocalypse
The Kinks,Waterloo Sunset
The Kinks,The Contenders - 2014 Remastered Version
Erik Satie,"Satie / Orch. Debussy: 3 Gymnopédies: No. 1, Lent et douloureux"
Terry Riley,A Rainbow in the Curved Air - Instrumental
Iron Butterfly,Most Anything You Want
Bob Dylan,Visions of Johanna
Grateful Dead,Throwing Stones - 2013 Remaster
Grateful Dead,Built to Last - 2013 remaster
The Doors,The WASP (Texas Radio and the Big Beat)
Iron Butterfly,Are You Happy
Gustav Holst,"The Planets, Op. 32: 1. Mars, the Bringer of War"
Mason Williams,Classical Gas
"Blood, Sweat & Tears","Variation on a Theme by Erik Satie (1st Movement - Adapted from ""Trois Gymnopedies"")"
Brian Eno,An Ending (Ascent) - Remastered 2005
The Rolling Stones,Confessin' The Blues
Tommy Bolin,Shake The Devil
Canned Heat,The Road Song
Cream,Those Were The Days
Ten Years After,Love Until I Die
Eric Clapton,Mainline Florida
Eric Clapton,Please Be With Me
Ten Years After,Losing The Dogs
Cream,N.S.U.
Eric Clapton,Give Me Strength
Free,The Stealer
Muddy Waters,Rollin' Stone
Bo Diddley,Diddley Daddy
The Rolling Stones,Sweet Sounds Of Heaven (feat. Lady Gaga)
The Rolling Stones,Tell Me Straight
The Rolling Stones,Driving Me Too Hard
The Rolling Stones,Rolling Stone Blues
Pearl Jam,Inside Job
Ten Years After,Let the Sky Fall - Stereo Quad Mix
Tommy Bolin,Teaser
Ten Years After,As the Sun Still Burns Away - 2017 Remaster
Fleetwood Mac,Rattlesnake Shake - 2013 Remaster
Traffic,Here Comes A Man
The Rolling Stones,Whole Wide World
The Rolling Stones,Dreamy Skies
The Rolling Stones,Mess It Up
The Rolling Stones,Bite My Head Off
Big Brother & The Holding Company,Combination of the Two
The Rolling Stones,Live By The Sword
Pearl Jam,Unemployable
Traffic,Nowhere Is Their Freedom
Fleetwood Mac,Closing My Eyes - 2013 Remaster
The Rolling Stones,Get Close
The Rolling Stones,Depending On You
John Coltrane,Equinox
Traffic,Shoot Out At The Fantasy Factory
Brian Eno,The Carrier
Lee Morgan,The Sidewinder - Remastered 1999/Rudy Van Gelder Edition
The Rolling Stones,Factory Girl - 50th Anniversary Edition
Dissidenten,Love Supreme
The Rolling Stones,Soul Survivor
The Rolling Stones,Sweet Neo Con - Remastered
The Rolling Stones,Let Me Down Slow - Remastered
Irmin Schmidt,Flavia Theme
The Rolling Stones,I Don't Know Why (Aka Don't Know Why I Love You)
The Rolling Stones,I Want To Be Loved - Mono Version
The Rolling Stones,2000 Light Years From Home
Claude Debussy,"Rêverie, L. 68"
Claude Debussy,"Clair de Lune, L. 32"
Claude Debussy,"Suite bergamasque, L. 75: Clair de lune"
Claude Debussy,"Suite Bergamasque, L. 75: III. Clair de lune (Andante très expressif)"
Alena Cherny,Gnossienne No. 1
Claude Debussy,"Debussy: 2 Arabesques, CD 74, L. 66: No. 1, Andantino con moto"
Frédéric Chopin,"Chopin: Nocturne No. 20 in C-Sharp Minor, Op. Posth."
Frédéric Chopin,"Nocturne en Mi Bémol Majeur, Op. 9 No. 2"
John McLaughlin,Arjen's Bag
Return To Forever,Where Have I Danced With You Before
John McLaughlin,Phenomenon: Compulsion
John McLaughlin,Peace One
John McLaughlin,Extrapolation
The Rolling Stones,Congratulations - Mono Version
The Rolling Stones,"Surprise, Surprise - Mono Version / Remastered 2002"
The Rolling Stones,Get Off Of My Cloud - Mono Version
The Rolling Stones,Long Long While - Mono Version / Remastered 2002
The Doors,My Eyes Have Seen You
Wayne Shorter,Footprints - Remastered
Miles Davis,Backyard Ritual - Remastered Version
Bill Frisell,Smilin' Jones
"Blood, Sweat & Tears",Spinning Wheel
Sun Ra,Horoscope
Pharoah Sanders,Naima
Frank Zappa,Regyptian Strut
The Rolling Stones,Plundered My Soul
The Rolling Stones,19th Nervous Breakdown - Mono
The Rolling Stones,Grown Up Wrong
The Rolling Stones,"Surprise, Surprise"
The Rolling Stones,Time Is On My Side - Mono Version / Organ Intro
The Rolling Stones,Country Honk
The Rolling Stones,Look What You've Done - Mono Version
The Rolling Stones,The Singer Not The Song - Mono Version
Billie Holiday,Stormy Weather
Bob James,Angela (Theme From Taxi)
Nina Simone,Love Me Or Leave Me
Nina Simone,Suzanne
Angelo Badalamenti,Dance of the Dream Man - Instrumental
Nina Simone,I Wish I Knew How It Would Feel to Be Free
Keith Jarrett,Country
The Rolling Stones,Tell Me - Mono
The Rolling Stones,Long Long While - Mono
The Rolling Stones,Off The Hook - Mono Version
The Peanut Butter Conspiracy,Flight of the Psychedelic Bumble Bee
Love,A House Is Not a Motel - 2015 Remaster
Jimi Hendrix,Third Stone From The Sun
The Byrds,Draft Morning
Béla Fleck and the Flecktones,Big Country
Townes Van Zandt,Lungs
Dissidenten,Without Money We'd All Be Rich
Dissidenten,Mata Hari - Live
Dissidenten,Bajka's Gnaoui
Dissidenten,Inshallah
The Rolling Stones,Dear Doctor - 50th Anniversary Edition
The Rolling Stones,Down The Road Apiece
Zucchero,Un Kilo
Ronnie Wood,I Got Lost When I Found You
The Police,Next To You
Ronnie Wood,Am I Grooving You
Ronnie Wood,Worry No More
Paul McCartney,Cut Me Some Slack
The Black Crowes,Sometimes Salvation
Mick Jagger,Think
Pink Floyd,Young Lust - 2011 Remastered Version
Pink Floyd,Learning To Fly - 2011 Remastered Version
SuperHeavy,Never Gonna Change
Zucchero,Senza Una Donna
René Aubry,La grande cascade
René Aubry,The Rocket Take Off
René Aubry,"The Desert, Pt. 1"
René Aubry,Fil de verre
René Aubry,The Deep Dark Wood
René Aubry,I Feel Good
René Aubry,Séduction
René Aubry,Guitare bambou
René Aubry,Replay
René Aubry,Zog
René Aubry,This Is the Sky
René Aubry,Looking for Stick Man
René Aubry,Children on the Bridge
René Aubry,Piccola Pioggia
René Aubry,The Green Bird
René Aubry,Lurglestrop
René Aubry,Water Falls
René Aubry,Ocean Storm
René Aubry,The Lake
Anouar Brahem,The Lover Of Beirut
Nils Frahm,Because This Must Be
Yann Tiersen,La valse d'Amélie
Yann Tiersen,Dispute
Yann Tiersen,L'autre valse d'Amélie
Anouar Brahem,Le pas du chat noir
Anouar Brahem,Leila au pays du carrousel
Small Faces,You Need Loving
Erik Satie,"3 Gymnopédies: No. 1, Lent et douloureux"
Joachim Kühn,Dahin
Joachim Kühn,Good Mood
Joachim Kühn,Peace Piece
Joachim Kühn,White Widow
Joachim Kühn,Rabih's Delight
Yusef Lateef,Psychicemotus
Herbie Hancock,Watermelon Man - Remastered
Yusef Lateef,The Plum Blossom - Rudy Van Gelder Remaster
Yusef Lateef,Like It Is - Remastered
Yusef Lateef,Bishop School
Yusef Lateef,Nubian Lady - 1972
Yusef Lateef,Eastern Market
Yusef Lateef,Othelia - Remastered
Yusef Lateef,Blues For The Orient - Rudy Van Gelder Remaster
Yusef Lateef,Bamboo Flute Blues
Morphine,Cure for Pain
The Black Crowes,Sting Me
Jimi Hendrix,"Killing Floor - Live at The Hollywood Bowl, Hollywood, CA - August 18, 1967"
The Black Crowes,Jealous Again
Elliott Smith,Waltz #2 (XO)
Jeff Buckley,Last Goodbye
Red Hot Chili Peppers,Road Trippin'
Queens of the Stone Age,Regular John
Horace Silver,Song For My Father
John Coltrane,Naima - Mono
Yusef Lateef,Buddy and Lou
Yusef Lateef,Juba Juba - Remastered
Yusef Lateef,Russell and Eliot
Chet Atkins,Jam Man
Mose Allison,The Seventh Son
Bill Frisell,Pipeline
The Style Council,Mick's Blessings
Dizzy Gillespie,All The Things You Are
Herbie Mann,Memphis Underground
Tom Waits,New Coat Of Paint
The Lounge Lizards,Do The Wrong Thing
Joachim Kühn,A Live Experience
Joachim Kühn,Youmala
Ali Farka Touré,Bonde (with Ry Cooder)
Paul Simon,Diamonds on the Soles of Her Shoes
Willy DeVille,Hey Joe
Hugh Masekela,Grazing In The Grass
Scott Walker,The Old Man's Back Again (Dedicated To The Neo-Stalinist Regime)
Irma Thomas,Ruler Of My Heart
Ry Cooder,"Paris, Texas"
Os Mutantes,A Minha Menina
Paul Simon,Gumboots (with Boyoyo Boys)
Hampton Hawes Trio,I Got Rhythm
Bud Powell Trio,Off Minor - 1990 Remaster
Thelonious Monk,I Should Care
Tom Waits,Semi Suite
Tom Waits,San Diego Serenade
Tom Waits,Fumblin' With The Blues
Tom Waits,Ol' 55
Tom Waits,The Ghosts Of Saturday Night (After Hours At Napoleone's Pizza House)
The Spencer Davis Group,Keep On Running - Mono Version
Charlie Parker Quartet,Star Eyes - Incomplete & False Start
Thelonious Monk Septet,Epistrophy - Fragment
Thelonious Monk,Dinah (Take 2)
Lennie Tristano,Inflight
Charles Mingus,Better Git It in Your Soul
Kenny Drew,Four And Five
Dizzy Gillespie,An Oscar For Treadwell - Incomplete 411-1
Terry Riley,The Protege
Terry Riley,Long Bus Ride
Terry Riley,M - Music I - Inside C - Curved E-Entrances
Terry Riley,The Harp of New Albion: IV. Cadence on the Wind
Terry Riley,Journey From The Death Of A Friend
Joachim Kühn,Kalimba Call
George Harrison,Wah-Wah (2014 Remaster)
Tord Gustavsen Quartet,Glasgow Intro
Wako,Snart blir jeg far
Marc Copland,Flip Side
Søren Bebe Trio,Tango for T
Joachim Kühn,The Crystal Ship
Dr. Gwon,Awakening (Tuning In)
Anat Fort Trio,"Milarepa, Pt. 1"
Aziza Brahim,Baraka
Driss El Maloumi,Comme une joie
Mariem Hassan,Haiyu
Hasna el Becharia,Koul chi al Oualidine
Hamza El Din,Mwashah
Howlin' Wolf,Rockin' Daddy
Howlin' Wolf,Sitting On Top Of The World
Howlin' Wolf,Back Door Man
Howlin' Wolf,I Ain't Superstitious
Howlin' Wolf,Who's Been Talking?
Howlin' Wolf,Worried About My Baby
Howlin' Wolf,Smokestack Lightnin'
Howlin' Wolf,Red Rooster
Howlin' Wolf,Killing Floor
Herbie Mann,The Butterfly in a Stone Garden
Santana,Song of the Wind
Hamza El Din,Ollin Arageed
Rabih Abou-Khalil,The Happy Sheik
Rabih Abou-Khalil,Blue Camel
The Police,Canary In A Coalmine
The Rolling Stones,Hang Fire - Remastered
Ry Cooder,Feelin' Bad Blues - 2008 Remaster
Led Zeppelin,We're Gonna Groove - Remaster
Steely Dan,Babylon Sisters
Blind Faith,Sea Of Joy
Blind Faith,"Under My Thumb - Live: Hyde Park, London 7th June 1969"
Blind Faith,Well All Right
Blind Faith,Presence Of The Lord
Buffalo Springfield,Bluebird
Quicksilver Messenger Service,Mona
Keith Richards,Wicked As It Seems (2010 - Remaster)
Eric Clapton,Riding With the King
Paul McCartney,Nineteen Hundred And Eighty Five
Mulatu Astatke,Mascaram Setaba - Stereo Master
Oliver Nelson,Stolen Moments
Creedence Clearwater Revival,Up Around The Bend - Live In Amsterdam 9-10-71
Triumvirat,The Capitol Of Power
Miles Davis,"Sanctuary (feat. Wayne Shorter, Bennie Maupin, John McLaughlin, Chick Corea, Joe Zawinul, Dave Holland & Harvey Brooks)"
Miles Davis,"John McLaughlin (feat. Wayne Shorter, Bennie Maupin, John McLaughlin, Chick Corea, Joe Zawinul, Dave Holland & Harvey Brooks)"
Miles Davis,Pharaoh's Dance
Philip Glass,The Grid
Miles Davis,Concierto de Aranjuez: Adagio
Paul Mauriat,Love Is Blue - Remastered
The Beach Boys,Lady Lynda - Remastered 2000
Bill Evans,Peace Piece
Ennio Morricone,"The Good, The Bad and The Ugly - Il Buono, Il Brutto, Il Cattivo (Titles)"
Penguin Cafe Orchestra,Perpetuum Mobile
Masayoshi Takanaka,TROPIC BIRDS
Masayoshi Takanaka,Chill Me Out
Soft Machine,"Odds Bullets and Blades, Pt. I"
Jeff Beck,Head for Backstage Pass
Jean-Luc Ponty,Imaginary Voyage - Pt. I
Bill Bruford,One Of A Kind - Part One
Soft Machine,The Man Who Waved At Trains - 2022 Remaster
Focus,Moving Waves
Focus,Eruption
Focus,Early Birth
Focus,Hocus Pocus - Extended Version
Focus,Sylvia
Focus,Love Remembered
Focus,Le Clochard
Focus,Focus II
Focus,Mother Focus
Focus,Janis
Focus,Hocus Pocus - Original Single Version
East Of Eden,Isadora
East Of Eden,Gum Arabic
East Of Eden,Nymphenburger
East Of Eden,Communion
Sadja,Sadja
Embryo,Imelaku 1
Embryo,Revolution - Remastered
Premiata Forneria Marconi,Worlds Beyond - English version
Mahavishnu Orchestra,Cosmic Strut
Frank Zappa,It Must Be A Camel
Frank Zappa,Sleep Dirt
Frank Zappa,Father O'Blivion
Miles Davis,Miles Runs the Voodoo Down
Colosseum,Butty's Blues
Ginger Baker,Brain Damage
East Of Eden,Nymphenburger - Remastered 1985
35007,Herd
35007,Vein
35007,Soulmachine
Colosseum,The Valentyne Suite: January's Search / February's Valentyne / The Grass Is Always Greener
Jimi Hendrix,"Who Knows - Live At Fillmore East, 1970 / 50th Anniversary"
Masayoshi Takanaka,憧れのセーシェル諸島
